<?xml version="1.0" encoding="utf-8"?>
<COLLADA xmlns="http://www.collada.org/2005/11/COLLADASchema" version="1.4.1" xmlns:xsi="http://www.w3.org/2001/XMLSchema-instance">
  <asset>
    <contributor>
      <author>Blender User</author>
      <authoring_tool>Blender 3.6.15 commit date:2024-08-19, commit time:11:18, hash:f612027620c9</authoring_tool>
    </contributor>
    <created>2025-11-10T21:26:03</created>
    <modified>2025-11-10T21:26:03</modified>
    <unit name="meter" meter="1"/>
    <up_axis>Z_UP</up_axis>
  </asset>
  <library_effects>
    <effect id="M_ChaosEmerald07-effect">
      <profile_COMMON>
        <technique sid="common">
          <lambert>
            <emission>
              <color sid="emission">0 0 0 1</color>
            </emission>
            <diffuse>
              <color sid="diffuse">0.8 0.8 0.8 1</color>
            </diffuse>
            <index_of_refraction>
              <float sid="ior">1.45</float>
            </index_of_refraction>
          </lambert>
        </technique>
      </profile_COMMON>
    </effect>
    <effect id="M_ChaosEmerald01-effect">
      <profile_COMMON>
        <technique sid="common">
          <lambert>
            <emission>
              <color sid="emission">0 0 0 1</color>
            </emission>
            <diffuse>
              <color sid="diffuse">0.8 0.8 0.8 1</color>
            </diffuse>
            <index_of_refraction>
              <float sid="ior">1.45</float>
            </index_of_refraction>
          </lambert>
        </technique>
      </profile_COMMON>
    </effect>
    <effect id="M_ChaosEmerald02-effect">
      <profile_COMMON>
        <technique sid="common">
          <lambert>
            <emission>
              <color sid="emission">0 0 0 1</color>
            </emission>
            <diffuse>
              <color sid="diffuse">0.8 0.8 0.8 1</color>
            </diffuse>
            <index_of_refraction>
              <float sid="ior">1.45</float>
            </index_of_refraction>
          </lambert>
        </technique>
      </profile_COMMON>
    </effect>
    <effect id="M_ChaosEmerald03-effect">
      <profile_COMMON>
        <technique sid="common">
          <lambert>
            <emission>
              <color sid="emission">0 0 0 1</color>
            </emission>
            <diffuse>
              <color sid="diffuse">0.8 0.8 0.8 1</color>
            </diffuse>
            <index_of_refraction>
              <float sid="ior">1.45</float>
            </index_of_refraction>
          </lambert>
        </technique>
      </profile_COMMON>
    </effect>
    <effect id="M_ChaosEmerald04-effect">
      <profile_COMMON>
        <technique sid="common">
          <lambert>
            <emission>
              <color sid="emission">0 0 0 1</color>
            </emission>
            <diffuse>
              <color sid="diffuse">0.8 0.8 0.8 1</color>
            </diffuse>
            <index_of_refraction>
              <float sid="ior">1.45</float>
            </index_of_refraction>
          </lambert>
        </technique>
      </profile_COMMON>
    </effect>
    <effect id="M_ChaosEmerald05-effect">
      <profile_COMMON>
        <technique sid="common">
          <lambert>
            <emission>
              <color sid="emission">0 0 0 1</color>
            </emission>
            <diffuse>
              <color sid="diffuse">0.8 0.8 0.8 1</color>
            </diffuse>
            <index_of_refraction>
              <float sid="ior">1.45</float>
            </index_of_refraction>
          </lambert>
        </technique>
      </profile_COMMON>
    </effect>
    <effect id="M_ChaosEmerald06-effect">
      <profile_COMMON>
        <technique sid="common">
          <lambert>
            <emission>
              <color sid="emission">0 0 0 1</color>
            </emission>
            <diffuse>
              <color sid="diffuse">0.8 0.8 0.8 1</color>
            </diffuse>
            <index_of_refraction>
              <float sid="ior">1.45</float>
            </index_of_refraction>
          </lambert>
        </technique>
      </profile_COMMON>
    </effect>
  </library_effects>
  <library_images/>
  <library_materials>
    <material id="M_ChaosEmerald07-material" name="M_ChaosEmerald07">
      <instance_effect url="#M_ChaosEmerald07-effect"/>
    </material>
    <material id="M_ChaosEmerald01-material" name="M_ChaosEmerald01">
      <instance_effect url="#M_ChaosEmerald01-effect"/>
    </material>
    <material id="M_ChaosEmerald02-material" name="M_ChaosEmerald02">
      <instance_effect url="#M_ChaosEmerald02-effect"/>
    </material>
    <material id="M_ChaosEmerald03-material" name="M_ChaosEmerald03">
      <instance_effect url="#M_ChaosEmerald03-effect"/>
    </material>
    <material id="M_ChaosEmerald04-material" name="M_ChaosEmerald04">
      <instance_effect url="#M_ChaosEmerald04-effect"/>
    </material>
    <material id="M_ChaosEmerald05-material" name="M_ChaosEmerald05">
      <instance_effect url="#M_ChaosEmerald05-effect"/>
    </material>
    <material id="M_ChaosEmerald06-material" name="M_ChaosEmerald06">
      <instance_effect url="#M_ChaosEmerald06-effect"/>
    </material>
  </library_materials>
  <library_geometries>
    <geometry id="obj_chaosemerald_01a_006-mesh" name="obj_chaosemerald_01a.006">
      <mesh>
        <source id="obj_chaosemerald_01a_006-mesh-positions">
          <float_array id="obj_chaosemerald_01a_006-mesh-positions-array" count="3066">0.2291997 0.2077823 0.004120647 0.007137179 0.008537411 0.004120647 0.1181684 0.2077823 0.1964324 0.1181684 0.2077823 -0.1964324 0.007137179 0.008537411 -0.004120647 0.2291997 0.2077823 -0.004120647 -0.1110312 0.2077823 -0.2005532 0 0.008537411 -0.008241355 0.1110312 0.2077823 -0.2005531 0.1110312 0.2077824 0.2005531 0 0.008537411 0.008241355 -0.1110313 0.2077823 0.2005531 -0.2291998 0.2077823 -0.004120707 -0.007137179 0.008537411 -0.004120647 -0.1181684 0.2077823 -0.1964325 -0.2301504 0.2153054 -0.004120707 -0.1596989 0.3120248 -0.004120707 -0.2301504 0.2153054 0.004120588 -0.08341801 0.3120248 -0.1362429 -0.1538341 0.3158019 0 -0.07691699 0.3158019 -0.1332242 -0.07628077 0.3120248 -0.1403635 -0.1186437 0.2153054 -0.1972557 -0.1115065 0.2153054 -0.2013764 0.07628071 0.3120249 -0.1403635 0.07691699 0.3158019 -0.1332242 0.08341795 0.3120249 -0.1362428 0.1115065 0.2153054 -0.2013763 0.1186438 0.2153054 -0.1972556 -0.1181685 0.2077823 0.1964324 -0.007137179 0.008537411 0.004120647 -0.2291997 0.2077823 0.004120588 -0.08341801 0.3120248 -0.1362429 -0.1596989 0.3120248 -0.004120707 -0.1186437 0.2153054 -0.1972557 -0.2301504 0.2153054 -0.004120707 0.1596987 0.3120249 -0.004120647 0.08341795 0.3120249 -0.1362428 0.2301503 0.2153055 -0.004120647 0.1186438 0.2153054 -0.1972556 -0.07628083 0.3120248 0.1403635 0.07628071 0.3120249 0.1403636 -0.1115066 0.2153054 0.2013763 0.1115064 0.2153055 0.2013764 0.07628071 0.3120249 -0.1403635 -0.07628077 0.3120248 -0.1403635 0.1115065 0.2153054 -0.2013763 -0.1115065 0.2153054 -0.2013764 0.08341795 0.3120249 0.1362429 0.1596987 0.3120249 0.004120647 0.1186437 0.2153054 0.1972557 0.2301502 0.2153055 0.004120647 -0.1596989 0.3120248 0.004120647 -0.08341807 0.3120248 0.1362428 -0.2301504 0.2153054 0.004120588 -0.1186438 0.2153054 0.1972557 -0.2301504 0.2153054 -0.004120707 -0.2301504 0.2153054 0.004120588 -0.2291997 0.2077823 0.004120588 -0.2291998 0.2077823 -0.004120707 -0.1181684 0.2077823 -0.1964325 -0.1186437 0.2153054 -0.1972557 -0.1110312 0.2077823 -0.2005532 -0.1115065 0.2153054 -0.2013764 -0.1115066 0.2153054 0.2013763 -0.1110313 0.2077823 0.2005531 -0.1181685 0.2077823 0.1964324 -0.1186438 0.2153054 0.1972557 -0.2291997 0.2077823 0.004120588 -0.2301504 0.2153054 0.004120588 0.1186437 0.2153054 0.1972557 0.1181684 0.2077823 0.1964324 0.1110312 0.2077824 0.2005531 0.1115064 0.2153055 0.2013764 -0.1110313 0.2077823 0.2005531 -0.1115066 0.2153054 0.2013763 0.1186438 0.2153054 -0.1972556 0.1115065 0.2153054 -0.2013763 0.1181684 0.2077823 -0.1964324 0.1110312 0.2077823 -0.2005531 -0.1115065 0.2153054 -0.2013764 -0.1110312 0.2077823 -0.2005532 0.07628071 0.3120249 0.1403636 0.07691693 0.3158019 0.1332242 0.08341795 0.3120249 0.1362429 -0.07628083 0.3120248 0.1403635 -0.07691705 0.3158019 0.1332241 -0.08341807 0.3120248 0.1362428 -0.1115066 0.2153054 0.2013763 -0.1186438 0.2153054 0.1972557 -0.1596989 0.3120248 0.004120647 -0.1538341 0.3158019 0 -0.1596989 0.3120248 -0.004120707 -0.2301504 0.2153054 0.004120588 0.08341795 0.3120249 -0.1362428 0.07691699 0.3158019 -0.1332242 0.07628071 0.3120249 -0.1403635 0.1596987 0.3120249 -0.004120647 0.153834 0.3158019 0 0.1596987 0.3120249 0.004120647 0.2301503 0.2153055 -0.004120647 0.2301502 0.2153055 0.004120647 0.08341795 0.3120249 0.1362429 0.07691693 0.3158019 0.1332242 0.07628071 0.3120249 0.1403636 0.1186437 0.2153054 0.1972557 0.1115064 0.2153055 0.2013764 0.1181684 0.2077823 0.1964324 0.1186437 0.2153054 0.1972557 0.2301502 0.2153055 0.004120647 0.2291997 0.2077823 0.004120647 0.2301503 0.2153055 -0.004120647 0.2291997 0.2077823 -0.004120647 0.1186438 0.2153054 -0.1972556 0.1181684 0.2077823 -0.1964324 -0.2291998 0.2077823 -0.004120707 -0.2291997 0.2077823 0.004120588 -0.007137179 0.008537411 0.004120647 -0.007137179 0.008537411 -0.004120647 0 -5.04744e-6 0 0 0.008537411 -0.008241355 0.007137179 0.008537411 -0.004120647 0.1181684 0.2077823 -0.1964324 0.1110312 0.2077823 -0.2005531 -0.1110312 0.2077823 -0.2005532 -0.1181684 0.2077823 -0.1964325 0.2291997 0.2077823 -0.004120647 0.007137179 0.008537411 -0.004120647 0.2291997 0.2077823 0.004120647 0.007137179 0.008537411 0.004120647 0 -5.04744e-6 0 0 0.008537411 0.008241355 0.1110312 0.2077824 0.2005531 0.1181684 0.2077823 0.1964324 -0.1110313 0.2077823 0.2005531 0 0.008537411 0.008241355 -0.1181685 0.2077823 0.1964324 -0.007137179 0.008537411 0.004120647 0 -5.04744e-6 0 0 0.3158019 0 -0.1538341 0.3158019 0 -0.07691699 0.3158019 -0.1332242 0.07691699 0.3158019 -0.1332242 -0.07691705 0.3158019 0.1332241 0.153834 0.3158019 0 0.07691693 0.3158019 0.1332242 0.2291997 0.2077824 0.5793059 0.007137179 0.008537471 0.5793059 0.1181684 0.2077824 0.7716177 0.1181684 0.2077824 0.3787527 0.007137179 0.008537471 0.5710645 0.2291997 0.2077824 0.5710645 -0.1110312 0.2077823 0.374632 0 0.008537411 0.5669438 0.1110312 0.2077823 0.374632 0.1110312 0.2077824 0.7757384 0 0.008537411 0.5834265 -0.1110313 0.2077823 0.7757383 -0.2291998 0.2077823 0.5710645 -0.007137179 0.008537411 0.5710645 -0.1181684 0.2077823 0.3787527 -0.2301504 0.2153054 0.5710645 -0.1596989 0.3120248 0.5710645 -0.2301504 0.2153054 0.5793058 -0.08341801 0.3120249 0.4389423 -0.1538341 0.3158019 0.5751852 -0.07691699 0.3158019 0.441961 -0.07628077 0.3120248 0.4348216 -0.1186437 0.2153054 0.3779295 -0.1115065 0.2153054 0.3738088 0.07628071 0.3120249 0.4348216 0.07691699 0.315802 0.441961 0.08341795 0.3120249 0.4389423 0.1115065 0.2153055 0.3738088 0.1186438 0.2153055 0.3779295 -0.1181685 0.2077823 0.7716176 -0.007137179 0.008537411 0.5793059 -0.2291997 0.2077823 0.5793058 -0.08341801 0.3120249 0.4389423 -0.1596989 0.3120248 0.5710645 -0.1186437 0.2153054 0.3779295 -0.2301504 0.2153054 0.5710645 0.1596987 0.312025 0.5710645 0.08341795 0.3120249 0.4389423 0.2301503 0.2153055 0.5710645 0.1186438 0.2153055 0.3779295 -0.07628083 0.3120248 0.7155488 0.07628071 0.3120249 0.7155488 -0.1115066 0.2153054 0.7765616 0.1115064 0.2153055 0.7765616 0.07628071 0.3120249 0.4348216 -0.07628077 0.3120248 0.4348216 0.1115065 0.2153055 0.3738088 -0.1115065 0.2153054 0.3738088 0.08341795 0.3120249 0.7114281 0.1596987 0.312025 0.5793059 0.1186437 0.2153055 0.7724409 0.2301502 0.2153055 0.5793059 -0.1596989 0.3120248 0.5793058 -0.08341807 0.3120249 0.7114281 -0.2301504 0.2153054 0.5793058 -0.1186438 0.2153054 0.7724409 -0.2301504 0.2153054 0.5710645 -0.2301504 0.2153054 0.5793058 -0.2291997 0.2077823 0.5793058 -0.2291998 0.2077823 0.5710645 -0.1181684 0.2077823 0.3787527 -0.1186437 0.2153054 0.3779295 -0.1110312 0.2077823 0.374632 -0.1115065 0.2153054 0.3738088 -0.1115066 0.2153054 0.7765616 -0.1110313 0.2077823 0.7757383 -0.1181685 0.2077823 0.7716176 -0.1186438 0.2153054 0.7724409 -0.2291997 0.2077823 0.5793058 -0.2301504 0.2153054 0.5793058 0.1186437 0.2153055 0.7724409 0.1181684 0.2077824 0.7716177 0.1110312 0.2077824 0.7757384 0.1115064 0.2153055 0.7765616 -0.1110313 0.2077823 0.7757383 -0.1115066 0.2153054 0.7765616 0.1186438 0.2153055 0.3779295 0.1115065 0.2153055 0.3738088 0.1181684 0.2077824 0.3787527 0.1110312 0.2077823 0.374632 -0.1115065 0.2153054 0.3738088 -0.1110312 0.2077823 0.374632 0.07628071 0.3120249 0.7155488 0.07691693 0.3158019 0.7084094 0.08341795 0.3120249 0.7114281 -0.07628083 0.3120248 0.7155488 -0.07691705 0.3158019 0.7084094 -0.08341807 0.3120249 0.7114281 -0.1115066 0.2153054 0.7765616 -0.1186438 0.2153054 0.7724409 -0.1596989 0.3120248 0.5793058 -0.1538341 0.3158019 0.5751852 -0.1596989 0.3120248 0.5710645 -0.2301504 0.2153054 0.5793058 0.08341795 0.3120249 0.4389423 0.07691699 0.315802 0.441961 0.07628071 0.3120249 0.4348216 0.1596987 0.312025 0.5710645 0.153834 0.315802 0.5751852 0.1596987 0.312025 0.5793059 0.2301503 0.2153055 0.5710645 0.2301502 0.2153055 0.5793059 0.08341795 0.3120249 0.7114281 0.07691693 0.3158019 0.7084094 0.07628071 0.3120249 0.7155488 0.1186437 0.2153055 0.7724409 0.1115064 0.2153055 0.7765616 0.1181684 0.2077824 0.7716177 0.1186437 0.2153055 0.7724409 0.2301502 0.2153055 0.5793059 0.2291997 0.2077824 0.5793059 0.2301503 0.2153055 0.5710645 0.2291997 0.2077824 0.5710645 0.1186438 0.2153055 0.3779295 0.1181684 0.2077824 0.3787527 -0.2291998 0.2077823 0.5710645 -0.2291997 0.2077823 0.5793058 -0.007137179 0.008537411 0.5793059 -0.007137179 0.008537411 0.5710645 0 -5.0223e-6 0.5751852 0 0.008537411 0.5669438 0.007137179 0.008537471 0.5710645 0.1181684 0.2077824 0.3787527 0.1110312 0.2077823 0.374632 -0.1110312 0.2077823 0.374632 -0.1181684 0.2077823 0.3787527 0.2291997 0.2077824 0.5710645 0.007137179 0.008537471 0.5710645 0.2291997 0.2077824 0.5793059 0.007137179 0.008537471 0.5793059 0 -5.0223e-6 0.5751852 0 0.008537411 0.5834265 0.1110312 0.2077824 0.7757384 0.1181684 0.2077824 0.7716177 -0.1110313 0.2077823 0.7757383 0 0.008537411 0.5834265 -0.1181685 0.2077823 0.7716176 -0.007137179 0.008537411 0.5793059 0 -5.0223e-6 0.5751852 0 0.3158019 0.5751852 -0.1538341 0.3158019 0.5751852 -0.07691699 0.3158019 0.441961 0.07691699 0.315802 0.441961 -0.07691705 0.3158019 0.7084094 0.153834 0.315802 0.5751852 0.07691693 0.3158019 0.7084094 0.7329499 0.2077823 0.3003967 0.5108874 0.008537411 0.3003966 0.6219186 0.2077823 0.4927085 0.6219186 0.2077823 0.0998435 0.5108874 0.008537411 0.2921553 0.7329499 0.2077823 0.2921553 0.3927189 0.2077823 0.09572273 0.5037502 0.008537411 0.2880346 0.6147814 0.2077823 0.09572279 0.6147813 0.2077824 0.4968291 0.5037502 0.008537411 0.3045173 0.3927188 0.2077823 0.4968291 0.2745504 0.2077823 0.2921552 0.4966129 0.008537411 0.2921553 0.3855817 0.2077823 0.09984344 0.2735998 0.2153054 0.2921553 0.3440513 0.3120248 0.2921553 0.2735998 0.2153054 0.3003966 0.4203321 0.3120248 0.160033 0.3499161 0.3158019 0.2962759 0.4268331 0.3158019 0.1630517 0.4274693 0.3120248 0.1559123 0.3851064 0.2153054 0.09902024 0.3922436 0.2153054 0.09489953 0.5800309 0.3120249 0.1559123 0.5806671 0.3158019 0.1630517 0.5871681 0.3120249 0.1600331 0.6152567 0.2153054 0.09489959 0.6223939 0.2153054 0.0990203 0.3855816 0.2077823 0.4927084 0.4966129 0.008537411 0.3003966 0.2745504 0.2077823 0.3003966 0.4203321 0.3120248 0.160033 0.3440513 0.3120248 0.2921553 0.3851064 0.2153054 0.09902024 0.2735998 0.2153054 0.2921553 0.6634489 0.3120249 0.2921553 0.5871681 0.3120249 0.1600331 0.7339004 0.2153055 0.2921553 0.6223939 0.2153054 0.0990203 0.4274693 0.3120248 0.4366396 0.5800309 0.3120249 0.4366396 0.3922435 0.2153054 0.4976524 0.6152566 0.2153055 0.4976524 0.5800309 0.3120249 0.1559123 0.4274693 0.3120248 0.1559123 0.6152567 0.2153054 0.09489959 0.3922436 0.2153054 0.09489953 0.5871681 0.3120249 0.4325188 0.6634489 0.3120249 0.3003966 0.6223939 0.2153054 0.4935317 0.7339004 0.2153055 0.3003967 0.3440513 0.3120248 0.3003966 0.420332 0.3120248 0.4325188 0.2735998 0.2153054 0.3003966 0.3851063 0.2153054 0.4935317 0.2735998 0.2153054 0.2921553 0.2735998 0.2153054 0.3003966 0.2745504 0.2077823 0.3003966 0.2745504 0.2077823 0.2921552 0.3855817 0.2077823 0.09984344 0.3851064 0.2153054 0.09902024 0.3927189 0.2077823 0.09572273 0.3922436 0.2153054 0.09489953 0.3922435 0.2153054 0.4976524 0.3927188 0.2077823 0.4968291 0.3855816 0.2077823 0.4927084 0.3851063 0.2153054 0.4935317 0.2745504 0.2077823 0.3003966 0.2735998 0.2153054 0.3003966 0.6223939 0.2153054 0.4935317 0.6219186 0.2077823 0.4927085 0.6147813 0.2077824 0.4968291 0.6152566 0.2153055 0.4976524 0.3927188 0.2077823 0.4968291 0.3922435 0.2153054 0.4976524 0.6223939 0.2153054 0.0990203 0.6152567 0.2153054 0.09489959 0.6219186 0.2077823 0.0998435 0.6147814 0.2077823 0.09572279 0.3922436 0.2153054 0.09489953 0.3927189 0.2077823 0.09572273 0.5800309 0.3120249 0.4366396 0.5806671 0.3158019 0.4295002 0.5871681 0.3120249 0.4325188 0.4274693 0.3120248 0.4366396 0.426833 0.3158019 0.4295002 0.420332 0.3120248 0.4325188 0.3922435 0.2153054 0.4976524 0.3851063 0.2153054 0.4935317 0.3440513 0.3120248 0.3003966 0.3499161 0.3158019 0.2962759 0.3440513 0.3120248 0.2921553 0.2735998 0.2153054 0.3003966 0.5871681 0.3120249 0.1600331 0.5806671 0.3158019 0.1630517 0.5800309 0.3120249 0.1559123 0.6634489 0.3120249 0.2921553 0.6575841 0.3158019 0.296276 0.6634489 0.3120249 0.3003966 0.7339004 0.2153055 0.2921553 0.7339004 0.2153055 0.3003967 0.5871681 0.3120249 0.4325188 0.5806671 0.3158019 0.4295002 0.5800309 0.3120249 0.4366396 0.6223939 0.2153054 0.4935317 0.6152566 0.2153055 0.4976524 0.6219186 0.2077823 0.4927085 0.6223939 0.2153054 0.4935317 0.7339004 0.2153055 0.3003967 0.7329499 0.2077823 0.3003967 0.7339004 0.2153055 0.2921553 0.7329499 0.2077823 0.2921553 0.6223939 0.2153054 0.0990203 0.6219186 0.2077823 0.0998435 0.2745504 0.2077823 0.2921552 0.2745504 0.2077823 0.3003966 0.4966129 0.008537411 0.3003966 0.4966129 0.008537411 0.2921553 0.5037502 -5.03449e-6 0.296276 0.5037502 0.008537411 0.2880346 0.5108874 0.008537411 0.2921553 0.6219186 0.2077823 0.0998435 0.6147814 0.2077823 0.09572279 0.3927189 0.2077823 0.09572273 0.3855817 0.2077823 0.09984344 0.7329499 0.2077823 0.2921553 0.5108874 0.008537411 0.2921553 0.7329499 0.2077823 0.3003967 0.5108874 0.008537411 0.3003966 0.5037502 -5.03449e-6 0.296276 0.5037502 0.008537411 0.3045173 0.6147813 0.2077824 0.4968291 0.6219186 0.2077823 0.4927085 0.3927188 0.2077823 0.4968291 0.5037502 0.008537411 0.3045173 0.3855816 0.2077823 0.4927084 0.4966129 0.008537411 0.3003966 0.5037502 -5.03449e-6 0.296276 0.5037501 0.3158019 0.296276 0.3499161 0.3158019 0.2962759 0.4268331 0.3158019 0.1630517 0.5806671 0.3158019 0.1630517 0.426833 0.3158019 0.4295002 0.6575841 0.3158019 0.296276 0.5806671 0.3158019 0.4295002 0.7329499 0.2077823 -0.2431812 0.5108875 0.008537411 -0.2431812 0.6219186 0.2077823 -0.05086946 0.6219187 0.2077823 -0.4437344 0.5108875 0.008537411 -0.2514226 0.7329499 0.2077823 -0.2514226 0.392719 0.2077823 -0.4478551 0.5037502 0.008537411 -0.2555433 0.6147814 0.2077823 -0.4478551 0.6147814 0.2077823 -0.04674875 0.5037502 0.008537411 -0.2390605 0.3927189 0.2077823 -0.04674881 0.2745504 0.2077823 -0.2514227 0.496613 0.008537411 -0.2514226 0.3855817 0.2077823 -0.4437345 0.2735998 0.2153053 -0.2514227 0.3440514 0.3120248 -0.2514227 0.2735998 0.2153053 -0.2431812 0.4203321 0.3120248 -0.3835449 0.3499161 0.3158019 -0.2473019 0.4268332 0.3158019 -0.3805261 0.4274694 0.3120248 -0.3876655 0.3851065 0.2153053 -0.4445576 0.3922437 0.2153053 -0.4486783 0.580031 0.3120249 -0.3876655 0.5806672 0.3158019 -0.3805261 0.5871682 0.3120249 -0.3835448 0.6152567 0.2153054 -0.4486783 0.622394 0.2153054 -0.4445576 0.3855817 0.2077823 -0.05086946 0.496613 0.008537411 -0.2431812 0.2745504 0.2077823 -0.2431812 0.4203321 0.3120248 -0.3835449 0.3440514 0.3120248 -0.2514227 0.3851065 0.2153053 -0.4445576 0.2735998 0.2153053 -0.2514227 0.6634489 0.3120249 -0.2514226 0.5871682 0.3120249 -0.3835448 0.7339005 0.2153055 -0.2514226 0.622394 0.2153054 -0.4445576 0.4274693 0.3120248 -0.1069384 0.5800309 0.3120249 -0.1069383 0.3922436 0.2153053 -0.04592555 0.6152567 0.2153054 -0.04592549 0.580031 0.3120249 -0.3876655 0.4274694 0.3120248 -0.3876655 0.6152567 0.2153054 -0.4486783 0.3922437 0.2153053 -0.4486783 0.5871682 0.3120249 -0.111059 0.663449 0.3120249 -0.2431812 0.622394 0.2153054 -0.0500462 0.7339005 0.2153055 -0.2431812 0.3440514 0.3120248 -0.2431812 0.4203321 0.3120248 -0.111059 0.2735998 0.2153053 -0.2431812 0.3851063 0.2153053 -0.0500462 0.2735998 0.2153053 -0.2514227 0.2735998 0.2153053 -0.2431812 0.2745504 0.2077823 -0.2431812 0.2745504 0.2077823 -0.2514227 0.3855817 0.2077823 -0.4437345 0.3851065 0.2153053 -0.4445576 0.392719 0.2077823 -0.4478551 0.3922437 0.2153053 -0.4486783 0.3922436 0.2153053 -0.04592555 0.3927189 0.2077823 -0.04674881 0.3855817 0.2077823 -0.05086946 0.3851063 0.2153053 -0.0500462 0.2745504 0.2077823 -0.2431812 0.2735998 0.2153053 -0.2431812 0.622394 0.2153054 -0.0500462 0.6219186 0.2077823 -0.05086946 0.6147814 0.2077823 -0.04674875 0.6152567 0.2153054 -0.04592549 0.3927189 0.2077823 -0.04674881 0.3922436 0.2153053 -0.04592555 0.622394 0.2153054 -0.4445576 0.6152567 0.2153054 -0.4486783 0.6219187 0.2077823 -0.4437344 0.6147814 0.2077823 -0.4478551 0.3922437 0.2153053 -0.4486783 0.392719 0.2077823 -0.4478551 0.5800309 0.3120249 -0.1069383 0.5806671 0.3158019 -0.1140777 0.5871682 0.3120249 -0.111059 0.4274693 0.3120248 -0.1069384 0.4268331 0.3158019 -0.1140777 0.4203321 0.3120248 -0.111059 0.3922436 0.2153053 -0.04592555 0.3851063 0.2153053 -0.0500462 0.3440514 0.3120248 -0.2431812 0.3499161 0.3158019 -0.2473019 0.3440514 0.3120248 -0.2514227 0.2735998 0.2153053 -0.2431812 0.5871682 0.3120249 -0.3835448 0.5806672 0.3158019 -0.3805261 0.580031 0.3120249 -0.3876655 0.6634489 0.3120249 -0.2514226 0.6575842 0.3158019 -0.2473019 0.663449 0.3120249 -0.2431812 0.7339005 0.2153055 -0.2514226 0.7339005 0.2153055 -0.2431812 0.5871682 0.3120249 -0.111059 0.5806671 0.3158019 -0.1140777 0.5800309 0.3120249 -0.1069383 0.622394 0.2153054 -0.0500462 0.6152567 0.2153054 -0.04592549 0.6219186 0.2077823 -0.05086946 0.622394 0.2153054 -0.0500462 0.7339005 0.2153055 -0.2431812 0.7329499 0.2077823 -0.2431812 0.7339005 0.2153055 -0.2514226 0.7329499 0.2077823 -0.2514226 0.622394 0.2153054 -0.4445576 0.6219187 0.2077823 -0.4437344 0.2745504 0.2077823 -0.2514227 0.2745504 0.2077823 -0.2431812 0.496613 0.008537411 -0.2431812 0.496613 0.008537411 -0.2514226 0.5037502 -5.05825e-6 -0.2473019 0.5037502 0.008537411 -0.2555433 0.5108875 0.008537411 -0.2514226 0.6219187 0.2077823 -0.4437344 0.6147814 0.2077823 -0.4478551 0.392719 0.2077823 -0.4478551 0.3855817 0.2077823 -0.4437345 0.7329499 0.2077823 -0.2514226 0.5108875 0.008537411 -0.2514226 0.7329499 0.2077823 -0.2431812 0.5108875 0.008537411 -0.2431812 0.5037502 -5.05825e-6 -0.2473019 0.5037502 0.008537411 -0.2390605 0.6147814 0.2077823 -0.04674875 0.6219186 0.2077823 -0.05086946 0.3927189 0.2077823 -0.04674881 0.5037502 0.008537411 -0.2390605 0.3855817 0.2077823 -0.05086946 0.496613 0.008537411 -0.2431812 0.5037502 -5.05825e-6 -0.2473019 0.5037502 0.3158019 -0.2473019 0.3499161 0.3158019 -0.2473019 0.4268332 0.3158019 -0.3805261 0.5806672 0.3158019 -0.3805261 0.4268331 0.3158019 -0.1140777 0.6575842 0.3158019 -0.2473019 0.5806671 0.3158019 -0.1140777 0.2291997 0.2077823 -0.5481405 0.007137179 0.008537411 -0.5481405 0.1181684 0.2077823 -0.3558288 0.1181684 0.2077823 -0.7486937 0.007137179 0.008537411 -0.556382 0.2291997 0.2077823 -0.5563819 -0.1110312 0.2077823 -0.7528144 0 0.008537411 -0.5605026 0.1110312 0.2077823 -0.7528144 0.1110312 0.2077823 -0.3517081 0 0.008537411 -0.5440199 -0.1110313 0.2077823 -0.3517081 -0.2291998 0.2077822 -0.556382 -0.007137179 0.008537411 -0.556382 -0.1181684 0.2077823 -0.7486938 -0.2301504 0.2153053 -0.556382 -0.1596989 0.3120248 -0.556382 -0.2301504 0.2153053 -0.5481406 -0.08341801 0.3120248 -0.6885042 -0.1538341 0.3158019 -0.5522612 -0.07691699 0.3158019 -0.6854854 -0.07628077 0.3120248 -0.6926248 -0.1186437 0.2153053 -0.749517 -0.1115065 0.2153053 -0.7536376 0.07628071 0.3120248 -0.6926248 0.07691699 0.3158019 -0.6854854 0.08341795 0.3120248 -0.6885041 0.1115065 0.2153054 -0.7536376 0.1186438 0.2153054 -0.7495169 -0.1181685 0.2077823 -0.3558288 -0.007137179 0.008537411 -0.5481405 -0.2291997 0.2077822 -0.5481406 -0.08341801 0.3120248 -0.6885042 -0.1596989 0.3120248 -0.556382 -0.1186437 0.2153053 -0.749517 -0.2301504 0.2153053 -0.556382 0.1596987 0.3120249 -0.5563819 0.08341795 0.3120248 -0.6885041 0.2301503 0.2153054 -0.5563819 0.1186438 0.2153054 -0.7495169 -0.07628083 0.3120248 -0.4118977 0.07628071 0.3120248 -0.4118977 -0.1115066 0.2153053 -0.3508849 0.1115064 0.2153054 -0.3508848 0.07628071 0.3120248 -0.6926248 -0.07628077 0.3120248 -0.6926248 0.1115065 0.2153054 -0.7536376 -0.1115065 0.2153053 -0.7536376 0.08341795 0.3120248 -0.4160184 0.1596987 0.3120249 -0.5481405 0.1186437 0.2153054 -0.3550055 0.2301502 0.2153054 -0.5481405 -0.1596989 0.3120248 -0.5481406 -0.08341807 0.3120248 -0.4160184 -0.2301504 0.2153053 -0.5481406 -0.1186438 0.2153053 -0.3550056 -0.2301504 0.2153053 -0.556382 -0.2301504 0.2153053 -0.5481406 -0.2291997 0.2077822 -0.5481406 -0.2291998 0.2077822 -0.556382 -0.1181684 0.2077823 -0.7486938 -0.1186437 0.2153053 -0.749517 -0.1110312 0.2077823 -0.7528144 -0.1115065 0.2153053 -0.7536376 -0.1115066 0.2153053 -0.3508849 -0.1110313 0.2077823 -0.3517081 -0.1181685 0.2077823 -0.3558288 -0.1186438 0.2153053 -0.3550056 -0.2291997 0.2077822 -0.5481406 -0.2301504 0.2153053 -0.5481406 0.1186437 0.2153054 -0.3550055 0.1181684 0.2077823 -0.3558288 0.1110312 0.2077823 -0.3517081 0.1115064 0.2153054 -0.3508848 -0.1110313 0.2077823 -0.3517081 -0.1115066 0.2153053 -0.3508849 0.1186438 0.2153054 -0.7495169 0.1115065 0.2153054 -0.7536376 0.1181684 0.2077823 -0.7486937 0.1110312 0.2077823 -0.7528144 -0.1115065 0.2153053 -0.7536376 -0.1110312 0.2077823 -0.7528144 0.07628071 0.3120248 -0.4118977 0.07691693 0.3158019 -0.4190371 0.08341795 0.3120248 -0.4160184 -0.07628083 0.3120248 -0.4118977 -0.07691705 0.3158019 -0.4190371 -0.08341807 0.3120248 -0.4160184 -0.1115066 0.2153053 -0.3508849 -0.1186438 0.2153053 -0.3550056 -0.1596989 0.3120248 -0.5481406 -0.1538341 0.3158019 -0.5522612 -0.1596989 0.3120248 -0.556382 -0.2301504 0.2153053 -0.5481406 0.08341795 0.3120248 -0.6885041 0.07691699 0.3158019 -0.6854854 0.07628071 0.3120248 -0.6926248 0.1596987 0.3120249 -0.5563819 0.153834 0.3158019 -0.5522612 0.1596987 0.3120249 -0.5481405 0.2301503 0.2153054 -0.5563819 0.2301502 0.2153054 -0.5481405 0.08341795 0.3120248 -0.4160184 0.07691693 0.3158019 -0.4190371 0.07628071 0.3120248 -0.4118977 0.1186437 0.2153054 -0.3550055 0.1115064 0.2153054 -0.3508848 0.1181684 0.2077823 -0.3558288 0.1186437 0.2153054 -0.3550055 0.2301502 0.2153054 -0.5481405 0.2291997 0.2077823 -0.5481405 0.2301503 0.2153054 -0.5563819 0.2291997 0.2077823 -0.5563819 0.1186438 0.2153054 -0.7495169 0.1181684 0.2077823 -0.7486937 -0.2291998 0.2077822 -0.556382 -0.2291997 0.2077822 -0.5481406 -0.007137179 0.008537411 -0.5481405 -0.007137179 0.008537411 -0.556382 0 -5.07158e-6 -0.5522612 0 0.008537411 -0.5605026 0.007137179 0.008537411 -0.556382 0.1181684 0.2077823 -0.7486937 0.1110312 0.2077823 -0.7528144 -0.1110312 0.2077823 -0.7528144 -0.1181684 0.2077823 -0.7486938 0.2291997 0.2077823 -0.5563819 0.007137179 0.008537411 -0.556382 0.2291997 0.2077823 -0.5481405 0.007137179 0.008537411 -0.5481405 0 -5.07158e-6 -0.5522612 0 0.008537411 -0.5440199 0.1110312 0.2077823 -0.3517081 0.1181684 0.2077823 -0.3558288 -0.1110313 0.2077823 -0.3517081 0 0.008537411 -0.5440199 -0.1181685 0.2077823 -0.3558288 -0.007137179 0.008537411 -0.5481405 0 -5.07158e-6 -0.5522612 0 0.3158019 -0.5522612 -0.1538341 0.3158019 -0.5522612 -0.07691699 0.3158019 -0.6854854 0.07691699 0.3158019 -0.6854854 -0.07691705 0.3158019 -0.4190371 0.153834 0.3158019 -0.5522612 0.07691693 0.3158019 -0.4190371 -0.2984008 0.2077823 -0.2431812 -0.5204632 0.008537411 -0.2431812 -0.4094321 0.2077823 -0.05086946 -0.409432 0.2077823 -0.4437344 -0.5204632 0.008537411 -0.2514226 -0.2984008 0.2077823 -0.2514226 -0.6386317 0.2077823 -0.4478551 -0.5276005 0.008537411 -0.2555433 -0.4165692 0.2077823 -0.4478551 -0.4165693 0.2077823 -0.04674875 -0.5276005 0.008537411 -0.2390605 -0.6386318 0.2077823 -0.04674881 -0.7568002 0.2077823 -0.2514227 -0.5347377 0.008537411 -0.2514226 -0.645769 0.2077823 -0.4437345 -0.7577509 0.2153053 -0.2514227 -0.6872993 0.3120248 -0.2514227 -0.7577509 0.2153053 -0.2431812 -0.6110185 0.3120248 -0.3835449 -0.6814346 0.3158019 -0.2473019 -0.6045175 0.3158019 -0.3805261 -0.6038812 0.3120248 -0.3876655 -0.6462442 0.2153053 -0.4445576 -0.639107 0.2153053 -0.4486783 -0.4513197 0.3120249 -0.3876655 -0.4506835 0.3158019 -0.3805261 -0.4441825 0.3120249 -0.3835448 -0.416094 0.2153054 -0.4486783 -0.4089567 0.2153054 -0.4445576 -0.645769 0.2077823 -0.05086946 -0.5347377 0.008537411 -0.2431812 -0.7568002 0.2077823 -0.2431812 -0.6110185 0.3120248 -0.3835449 -0.6872993 0.3120248 -0.2514227 -0.6462442 0.2153053 -0.4445576 -0.7577509 0.2153053 -0.2514227 -0.3679017 0.3120249 -0.2514226 -0.4441825 0.3120249 -0.3835448 -0.2974502 0.2153055 -0.2514226 -0.4089567 0.2153054 -0.4445576 -0.6038813 0.3120248 -0.1069384 -0.4513198 0.3120249 -0.1069383 -0.6391071 0.2153053 -0.04592555 -0.416094 0.2153054 -0.04592549 -0.4513197 0.3120249 -0.3876655 -0.6038812 0.3120248 -0.3876655 -0.416094 0.2153054 -0.4486783 -0.639107 0.2153053 -0.4486783 -0.4441825 0.3120249 -0.111059 -0.3679017 0.3120249 -0.2431812 -0.4089567 0.2153054 -0.0500462 -0.2974502 0.2153055 -0.2431812 -0.6872993 0.3120248 -0.2431812 -0.6110185 0.3120248 -0.111059 -0.7577509 0.2153053 -0.2431812 -0.6462443 0.2153053 -0.0500462 -0.7577509 0.2153053 -0.2514227 -0.7577509 0.2153053 -0.2431812 -0.7568002 0.2077823 -0.2431812 -0.7568002 0.2077823 -0.2514227 -0.645769 0.2077823 -0.4437345 -0.6462442 0.2153053 -0.4445576 -0.6386317 0.2077823 -0.4478551 -0.639107 0.2153053 -0.4486783 -0.6391071 0.2153053 -0.04592555 -0.6386318 0.2077823 -0.04674881 -0.645769 0.2077823 -0.05086946 -0.6462443 0.2153053 -0.0500462 -0.7568002 0.2077823 -0.2431812 -0.7577509 0.2153053 -0.2431812 -0.4089567 0.2153054 -0.0500462 -0.4094321 0.2077823 -0.05086946 -0.4165693 0.2077823 -0.04674875 -0.416094 0.2153054 -0.04592549 -0.6386318 0.2077823 -0.04674881 -0.6391071 0.2153053 -0.04592555 -0.4089567 0.2153054 -0.4445576 -0.416094 0.2153054 -0.4486783 -0.409432 0.2077823 -0.4437344 -0.4165692 0.2077823 -0.4478551 -0.639107 0.2153053 -0.4486783 -0.6386317 0.2077823 -0.4478551 -0.4513198 0.3120249 -0.1069383 -0.4506835 0.3158019 -0.1140777 -0.4441825 0.3120249 -0.111059 -0.6038813 0.3120248 -0.1069384 -0.6045176 0.3158019 -0.1140777 -0.6110185 0.3120248 -0.111059 -0.6391071 0.2153053 -0.04592555 -0.6462443 0.2153053 -0.0500462 -0.6872993 0.3120248 -0.2431812 -0.6814346 0.3158019 -0.2473019 -0.6872993 0.3120248 -0.2514227 -0.7577509 0.2153053 -0.2431812 -0.4441825 0.3120249 -0.3835448 -0.4506835 0.3158019 -0.3805261 -0.4513197 0.3120249 -0.3876655 -0.3679017 0.3120249 -0.2514226 -0.3737665 0.3158019 -0.2473019 -0.3679017 0.3120249 -0.2431812 -0.2974502 0.2153055 -0.2514226 -0.2974502 0.2153055 -0.2431812 -0.4441825 0.3120249 -0.111059 -0.4506835 0.3158019 -0.1140777 -0.4513198 0.3120249 -0.1069383 -0.4089567 0.2153054 -0.0500462 -0.416094 0.2153054 -0.04592549 -0.4094321 0.2077823 -0.05086946 -0.4089567 0.2153054 -0.0500462 -0.2974502 0.2153055 -0.2431812 -0.2984008 0.2077823 -0.2431812 -0.2974502 0.2153055 -0.2514226 -0.2984008 0.2077823 -0.2514226 -0.4089567 0.2153054 -0.4445576 -0.409432 0.2077823 -0.4437344 -0.7568002 0.2077823 -0.2514227 -0.7568002 0.2077823 -0.2431812 -0.5347377 0.008537411 -0.2431812 -0.5347377 0.008537411 -0.2514226 -0.5276005 -5.05825e-6 -0.2473019 -0.5276005 0.008537411 -0.2555433 -0.5204632 0.008537411 -0.2514226 -0.409432 0.2077823 -0.4437344 -0.4165692 0.2077823 -0.4478551 -0.6386317 0.2077823 -0.4478551 -0.645769 0.2077823 -0.4437345 -0.2984008 0.2077823 -0.2514226 -0.5204632 0.008537411 -0.2514226 -0.2984008 0.2077823 -0.2431812 -0.5204632 0.008537411 -0.2431812 -0.5276005 -5.05825e-6 -0.2473019 -0.5276005 0.008537411 -0.2390605 -0.4165693 0.2077823 -0.04674875 -0.4094321 0.2077823 -0.05086946 -0.6386318 0.2077823 -0.04674881 -0.5276005 0.008537411 -0.2390605 -0.645769 0.2077823 -0.05086946 -0.5347377 0.008537411 -0.2431812 -0.5276005 -5.05825e-6 -0.2473019 -0.5276005 0.3158019 -0.2473019 -0.6814346 0.3158019 -0.2473019 -0.6045175 0.3158019 -0.3805261 -0.4506835 0.3158019 -0.3805261 -0.6045176 0.3158019 -0.1140777 -0.3737665 0.3158019 -0.2473019 -0.4506835 0.3158019 -0.1140777 -0.2984008 0.2077823 0.3003967 -0.5204632 0.008537411 0.3003966 -0.4094321 0.2077823 0.4927085 -0.409432 0.2077823 0.0998435 -0.5204632 0.008537411 0.2921553 -0.2984008 0.2077823 0.2921553 -0.6386317 0.2077823 0.09572273 -0.5276005 0.008537411 0.2880346 -0.4165692 0.2077823 0.09572279 -0.4165693 0.2077824 0.4968291 -0.5276005 0.008537411 0.3045173 -0.6386318 0.2077823 0.4968291 -0.7568002 0.2077823 0.2921552 -0.5347377 0.008537411 0.2921553 -0.645769 0.2077823 0.09984344 -0.7577509 0.2153054 0.2921553 -0.6872993 0.3120248 0.2921553 -0.7577509 0.2153054 0.3003966 -0.6110185 0.3120248 0.160033 -0.6814346 0.3158019 0.2962759 -0.6045175 0.3158019 0.1630517 -0.6038812 0.3120248 0.1559123 -0.6462442 0.2153054 0.09902024 -0.639107 0.2153054 0.09489953 -0.4513197 0.3120249 0.1559123 -0.4506835 0.3158019 0.1630517 -0.4441825 0.3120249 0.1600331 -0.416094 0.2153054 0.09489959 -0.4089567 0.2153054 0.0990203 -0.645769 0.2077823 0.4927084 -0.5347377 0.008537411 0.3003966 -0.7568002 0.2077823 0.3003966 -0.6110185 0.3120248 0.160033 -0.6872993 0.3120248 0.2921553 -0.6462442 0.2153054 0.09902024 -0.7577509 0.2153054 0.2921553 -0.3679017 0.3120249 0.2921553 -0.4441825 0.3120249 0.1600331 -0.2974502 0.2153055 0.2921553 -0.4089567 0.2153054 0.0990203 -0.6038813 0.3120248 0.4366396 -0.4513198 0.3120249 0.4366396 -0.6391071 0.2153054 0.4976524 -0.416094 0.2153055 0.4976524 -0.4513197 0.3120249 0.1559123 -0.6038812 0.3120248 0.1559123 -0.416094 0.2153054 0.09489959 -0.639107 0.2153054 0.09489953 -0.4441825 0.3120249 0.4325188 -0.3679017 0.3120249 0.3003966 -0.4089567 0.2153054 0.4935317 -0.2974502 0.2153055 0.3003967 -0.6872993 0.3120248 0.3003966 -0.6110185 0.3120248 0.4325188 -0.7577509 0.2153054 0.3003966 -0.6462443 0.2153054 0.4935317 -0.7577509 0.2153054 0.2921553 -0.7577509 0.2153054 0.3003966 -0.7568002 0.2077823 0.3003966 -0.7568002 0.2077823 0.2921552 -0.645769 0.2077823 0.09984344 -0.6462442 0.2153054 0.09902024 -0.6386317 0.2077823 0.09572273 -0.639107 0.2153054 0.09489953 -0.6391071 0.2153054 0.4976524 -0.6386318 0.2077823 0.4968291 -0.645769 0.2077823 0.4927084 -0.6462443 0.2153054 0.4935317 -0.7568002 0.2077823 0.3003966 -0.7577509 0.2153054 0.3003966 -0.4089567 0.2153054 0.4935317 -0.4094321 0.2077823 0.4927085 -0.4165693 0.2077824 0.4968291 -0.416094 0.2153055 0.4976524 -0.6386318 0.2077823 0.4968291 -0.6391071 0.2153054 0.4976524 -0.4089567 0.2153054 0.0990203 -0.416094 0.2153054 0.09489959 -0.409432 0.2077823 0.0998435 -0.4165692 0.2077823 0.09572279 -0.639107 0.2153054 0.09489953 -0.6386317 0.2077823 0.09572273 -0.4513198 0.3120249 0.4366396 -0.4506835 0.3158019 0.4295002 -0.4441825 0.3120249 0.4325188 -0.6038813 0.3120248 0.4366396 -0.6045176 0.3158019 0.4295002 -0.6110185 0.3120248 0.4325188 -0.6391071 0.2153054 0.4976524 -0.6462443 0.2153054 0.4935317 -0.6872993 0.3120248 0.3003966 -0.6814346 0.3158019 0.2962759 -0.6872993 0.3120248 0.2921553 -0.7577509 0.2153054 0.3003966 -0.4441825 0.3120249 0.1600331 -0.4506835 0.3158019 0.1630517 -0.4513197 0.3120249 0.1559123 -0.3679017 0.3120249 0.2921553 -0.3737665 0.3158019 0.296276 -0.3679017 0.3120249 0.3003966 -0.2974502 0.2153055 0.2921553 -0.2974502 0.2153055 0.3003967 -0.4441825 0.3120249 0.4325188 -0.4506835 0.3158019 0.4295002 -0.4513198 0.3120249 0.4366396 -0.4089567 0.2153054 0.4935317 -0.416094 0.2153055 0.4976524 -0.4094321 0.2077823 0.4927085 -0.4089567 0.2153054 0.4935317 -0.2974502 0.2153055 0.3003967 -0.2984008 0.2077823 0.3003967 -0.2974502 0.2153055 0.2921553 -0.2984008 0.2077823 0.2921553 -0.4089567 0.2153054 0.0990203 -0.409432 0.2077823 0.0998435 -0.7568002 0.2077823 0.2921552 -0.7568002 0.2077823 0.3003966 -0.5347377 0.008537411 0.3003966 -0.5347377 0.008537411 0.2921553 -0.5276005 -5.03449e-6 0.296276 -0.5276005 0.008537411 0.2880346 -0.5204632 0.008537411 0.2921553 -0.409432 0.2077823 0.0998435 -0.4165692 0.2077823 0.09572279 -0.6386317 0.2077823 0.09572273 -0.645769 0.2077823 0.09984344 -0.2984008 0.2077823 0.2921553 -0.5204632 0.008537411 0.2921553 -0.2984008 0.2077823 0.3003967 -0.5204632 0.008537411 0.3003966 -0.5276005 -5.03449e-6 0.296276 -0.5276005 0.008537411 0.3045173 -0.4165693 0.2077824 0.4968291 -0.4094321 0.2077823 0.4927085 -0.6386318 0.2077823 0.4968291 -0.5276005 0.008537411 0.3045173 -0.645769 0.2077823 0.4927084 -0.5347377 0.008537411 0.3003966 -0.5276005 -5.03449e-6 0.296276 -0.5276005 0.3158019 0.296276 -0.6814346 0.3158019 0.2962759 -0.6045175 0.3158019 0.1630517 -0.4506835 0.3158019 0.1630517 -0.6045176 0.3158019 0.4295002 -0.3737665 0.3158019 0.296276 -0.4506835 0.3158019 0.4295002</float_array>
          <technique_common>
            <accessor source="#obj_chaosemerald_01a_006-mesh-positions-array" count="1022" stride="3">
              <param name="X" type="float"/>
              <param name="Y" type="float"/>
              <param name="Z" type="float"/>
            </accessor>
          </technique_common>
        </source>
        <source id="obj_chaosemerald_01a_006-mesh-normals">
          <float_array id="obj_chaosemerald_01a_006-mesh-normals-array" count="2937">0.6240265 -0.6732262 0.3966832 0.6025602 -0.7182599 0.3478852 0.6555508 -0.6732262 0.3420815 0.655551 -0.6732262 -0.3420813 0.6025603 -0.7182599 -0.347885 0.6240266 -0.6732262 -0.396683 0.03152453 -0.6732263 -0.7387643 -2.58163e-6 -0.71826 -0.6957749 -0.031524 -0.6732263 -0.7387643 -0.03152418 -0.6732263 0.7387642 -2.69804e-6 -0.7182601 0.6957749 0.03152436 -0.6732263 0.7387642 -0.6240263 -0.6732264 -0.3966832 -0.60256 -0.7182601 -0.3478852 -0.6555506 -0.6732264 -0.3420815 -0.7640615 0.4932117 0.4158754 -0.7263576 0.557129 -0.4025071 -0.7640621 0.4932167 -0.4158685 -0.06099814 0.998138 1.26064e-5 -0.7117367 0.5571369 -0.4278195 -0.7263695 0.557129 -0.4024857 -0.03050893 0.9981378 -0.05282324 -0.01461595 0.557119 -0.830304 -0.7421829 0.4932187 -0.4537619 -0.02187037 0.4932171 -0.8696313 0.0146234 0.5571388 -0.8302906 0.03051096 0.9981386 -0.05280661 0.02187758 0.4932162 -0.8696317 0.0146473 0.5571147 -0.8303065 0.7117429 0.5571151 -0.4278375 0.7421884 0.4932149 -0.4537571 -0.6555507 -0.6732263 0.3420813 -0.6025601 -0.71826 0.347885 -0.6240264 -0.6732264 0.396683 -0.742176 0.4932096 -0.4537832 -0.7263734 0.5571265 -0.402482 -0.7117466 0.557126 -0.427817 -0.7640754 0.49321 -0.4158519 0.7640736 0.4932071 -0.4158587 0.7117462 0.5571266 -0.4278171 0.7263708 0.5571284 -0.4024842 0.7421808 0.4932069 -0.4537781 -0.02189999 0.49321 0.8696347 0.01462692 0.5571266 0.8302988 -0.01462751 0.5571268 0.8302987 0.02189224 0.493207 0.8696365 0.02189958 0.4932097 -0.8696348 -0.01462733 0.5571265 -0.8302989 0.01462709 0.5571263 -0.830299 -0.02189266 0.4932069 -0.8696365 0.7421758 0.4932098 0.4537833 0.7263734 0.5571265 0.4024821 0.7117459 0.5571268 0.4278172 0.7640758 0.4932097 0.4158518 -0.7640738 0.4932069 0.4158586 -0.7117465 0.5571265 0.4278166 -0.7263736 0.5571265 0.4024817 -0.7421761 0.4932098 0.4537827 -0.655561 -0.6732104 0.3420931 -0.764087 0.4931799 0.4158663 -0.7640733 0.4932101 -0.4158556 -0.6555537 -0.6732357 -0.3420571 -0.6240092 -0.6732348 -0.3966957 -0.7421807 0.4931983 -0.4537876 -0.03149431 -0.6732272 -0.7387647 -0.02189075 0.493193 -0.8696445 -0.6240032 -0.6732458 0.3966864 -0.03149449 -0.6732318 0.7387605 -0.0218935 0.4931851 0.8696489 -0.7421833 0.4931915 0.4537907 -0.6555554 -0.6732419 0.3420419 -0.7641006 0.4931843 0.4158362 0.03153896 -0.6732453 0.7387463 0.6240381 -0.6732332 0.3966529 0.742192 0.4931862 0.4537824 0.02190238 0.4931933 0.8696441 -0.03156149 -0.6732414 0.7387489 -0.02192568 0.493185 0.8696481 0.6240416 -0.6732298 -0.3966532 0.02190279 0.4931959 -0.8696425 0.7421919 0.4931896 -0.4537788 0.03154337 -0.6732369 -0.7387537 -0.02192544 0.4931915 -0.8696444 -0.03156107 -0.6732357 -0.7387542 0.7117538 0.5571289 0.4278013 0.03048419 0.9981381 0.05283081 0.01462179 0.5571037 0.8303143 -0.01462709 0.5571348 0.8302934 -0.03050875 0.9981378 0.05282109 -0.7117508 0.5571243 0.4278123 -0.02187669 0.4932149 0.8696324 -0.7421885 0.4932135 0.4537585 -0.7263689 0.5571364 0.4024766 -0.06097108 0.9981396 8.22544e-6 -0.7263779 0.5571145 -0.4024906 -0.7640508 0.4932292 0.4158742 0.01462161 0.5571328 -0.8302947 0.03047901 0.9981407 -0.05278486 0.7117378 0.5571389 -0.427815 0.726367 0.5571393 -0.402476 0.06099456 0.9981382 -1.25617e-5 0.7263709 0.5571244 0.4024896 0.7640622 0.493216 -0.415869 0.7640593 0.4932147 0.4158757 0.7117434 0.5571359 0.4278095 0.03048092 0.9981384 0.05282837 0.7421876 0.4932139 0.4537595 0.7117448 0.5571144 0.4278354 0.01460373 0.5571063 0.8303127 0.02187556 0.4932155 0.8696321 0.7640835 0.4931958 0.4158538 0.7421721 0.4931892 0.4538117 0.623997 -0.6732383 0.396709 0.6555464 -0.6732417 0.3420594 0.7640832 0.493198 -0.4158517 0.6555535 -0.6732347 -0.3420596 0.7421745 0.4931865 -0.4538107 0.6239966 -0.6732397 -0.3967074 -0.6025679 -0.7182589 0.3478738 -0.6555439 -0.6732422 0.3420631 -0.6555446 -0.6732426 -0.3420612 -0.6025549 -0.7182644 -0.347885 3.39225e-5 -1 -2.33948e-5 4.26546e-7 -0.7182644 -0.6957703 0.6025609 -0.7182572 -0.3478891 0.624008 -0.6732418 -0.3966858 0.03153932 -0.6732429 -0.7387484 -0.03153973 -0.6732428 -0.7387485 -0.6240085 -0.6732415 -0.3966854 0.6555445 -0.6732422 0.3420621 0.6025679 -0.7182585 -0.3478747 0.6555444 -0.6732422 -0.3420621 0.6025548 -0.718264 0.3478858 1.00816e-5 -1 -5.67436e-5 6.85453e-7 -0.7182571 0.6957779 0.03153389 -0.6732419 0.7387497 0.6240385 -0.6732285 0.3966603 -0.6240091 -0.673241 0.3966853 -1.5229e-5 -0.7182588 0.6957761 -0.03149843 -0.673227 0.7387648 -0.6025608 -0.7182576 0.3478887 5.52386e-5 -1 3.48091e-5 -0.03049737 0.9981386 -0.05281502 -0.06098783 0.9981386 -3.72715e-6 -1.9373e-7 1 0 0.03049021 0.9981386 -0.05281859 -0.03049737 0.9981386 0.05281507 0.06098747 0.9981386 4.09037e-6 0.03049021 0.9981386 0.05281871 0.6240267 -0.6732261 0.396683 0.6025604 -0.7182598 0.3478851 0.655551 -0.6732261 0.3420814 0.6555508 -0.6732262 -0.3420813 0.6025602 -0.7182599 -0.347885 0.6240265 -0.6732262 -0.396683 0.03152477 -0.6732264 -0.7387642 -2.33948e-6 -0.7182601 -0.6957747 -0.03152376 -0.6732264 -0.7387642 -0.0315243 -0.6732262 0.7387643 -2.82656e-6 -0.71826 0.6957749 0.03152424 -0.6732262 0.7387643 -0.7640653 0.4932083 0.4158722 -0.7263598 0.5571246 -0.4025093 -0.7640632 0.4932111 -0.4158731 -0.06099945 0.9981378 1.21891e-5 -0.7117379 0.5571389 -0.4278147 -0.7263701 0.5571277 -0.4024865 -0.03050893 0.9981381 -0.05281764 -0.01461774 0.5571223 -0.8303018 -0.7421831 0.4932174 -0.453763 -0.02186965 0.4932155 -0.8696323 0.0146234 0.5571349 -0.8302934 0.03051096 0.9981384 -0.05281174 0.02187764 0.4932166 -0.8696314 0.01465117 0.5571146 -0.8303065 0.711745 0.5571135 -0.427836 0.742188 0.4932157 -0.4537569 -0.6555508 -0.6732263 0.3420814 -0.6025601 -0.71826 0.347885 -0.6240264 -0.6732263 0.396683 -0.7421759 0.4932098 -0.4537832 -0.7263733 0.5571267 -0.402482 -0.7117465 0.5571264 -0.4278168 -0.7640753 0.49321 -0.415852 0.7640735 0.4932072 -0.4158589 0.7117462 0.5571267 -0.427817 0.7263705 0.5571283 -0.402485 0.742181 0.493207 -0.4537776 -0.02190011 0.49321 0.8696347 0.01462674 0.5571268 0.8302986 -0.01462745 0.5571267 0.8302989 0.02189195 0.4932073 0.8696363 0.02189946 0.4932097 -0.8696348 -0.01462733 0.5571265 -0.8302988 0.0146268 0.5571264 -0.830299 -0.02189254 0.4932071 -0.8696365 0.7421757 0.4932099 0.4537834 0.7263734 0.5571265 0.402482 0.7117459 0.5571267 0.4278174 0.7640756 0.4932097 0.4158517 -0.7640735 0.4932073 0.4158587 -0.7117462 0.5571266 0.4278169 -0.7263732 0.5571271 0.4024816 -0.7421759 0.4932097 0.4537832 -0.6555661 -0.6732057 0.3420923 -0.7640805 0.4931889 0.4158675 -0.7640703 0.4932149 -0.4158553 -0.655556 -0.6732333 -0.3420575 -0.624009 -0.6732353 -0.3966951 -0.742181 0.4931983 -0.4537872 -0.03149521 -0.6732258 -0.738766 -0.02189069 0.4931943 -0.8696438 -0.6240031 -0.673246 0.3966864 -0.03148698 -0.6732345 0.7387583 -0.02189296 0.4931851 0.8696489 -0.7421846 0.4931917 0.4537883 -0.6555553 -0.6732429 0.3420401 -0.7641016 0.4931836 0.415835 0.0315417 -0.673246 0.7387455 0.6240437 -0.6732349 0.3966413 0.7421954 0.493187 0.453776 0.02190303 0.493193 0.8696441 -0.03156185 -0.6732429 0.7387476 -0.02192598 0.4931834 0.8696491 0.6240417 -0.67323 -0.3966529 0.02190327 0.4931953 -0.8696429 0.7421922 0.4931915 -0.4537764 0.0315423 -0.6732385 -0.7387525 -0.02192533 0.4931931 -0.8696436 -0.03156095 -0.6732343 -0.7387554 0.7117502 0.5571319 0.4278036 0.0304827 0.9981381 0.05283123 0.01462042 0.5571032 0.8303146 -0.01462155 0.5571398 0.8302901 -0.0305081 0.9981382 0.05281603 -0.7117467 0.5571291 0.4278129 -0.02189576 0.493215 0.8696318 -0.7422041 0.4932033 0.4537441 -0.7263679 0.5571376 0.4024767 -0.06097006 0.9981397 9.08971e-6 -0.7263759 0.5571171 -0.4024907 -0.7640491 0.4932326 0.4158734 0.01461648 0.557127 -0.8302987 0.03047776 0.9981408 -0.0527836 0.7117372 0.5571404 -0.4278141 0.7263659 0.5571408 -0.4024758 0.06099373 0.9981383 -1.33514e-5 0.7263693 0.5571263 0.4024898 0.7640643 0.4932122 -0.4158697 0.7640615 0.4932107 0.4158764 0.7117432 0.5571345 0.4278116 0.03048074 0.9981382 0.05283063 0.7421825 0.493219 0.4537622 0.7117498 0.557111 0.4278315 0.01461076 0.5571064 0.8303127 0.02186882 0.4932174 0.8696311 0.7640836 0.4931963 0.4158533 0.742173 0.4931869 0.4538127 0.6239958 -0.67324 0.3967079 0.6555457 -0.6732425 0.3420591 0.7640851 0.4931945 -0.4158523 0.6555503 -0.6732383 -0.3420583 0.7421727 0.4931906 -0.4538093 0.6239994 -0.6732358 -0.3967095 -0.6025663 -0.7182602 0.3478739 -0.6555437 -0.6732416 0.3420647 -0.6555451 -0.6732427 -0.3420597 -0.6025548 -0.7182644 -0.3478852 3.48687e-5 -1 -2.24113e-5 -9.6485e-7 -0.7182638 -0.6957709 0.6025598 -0.7182578 -0.3478903 0.6240074 -0.6732419 -0.3966867 0.03153848 -0.6732426 -0.7387488 -0.03153711 -0.6732426 -0.7387489 -0.6240063 -0.6732426 -0.3966872 0.6555474 -0.6732391 0.3420627 0.6025682 -0.7182583 -0.3478746 0.6555474 -0.6732391 -0.3420626 0.602555 -0.7182636 0.3478862 1.28085e-5 -1 -5.59688e-5 1.87755e-6 -0.7182568 0.6957781 0.03153032 -0.6732418 0.7387499 0.624035 -0.6732309 0.3966619 -0.6240065 -0.6732432 0.3966857 -2.20239e-5 -0.7182579 0.6957771 -0.03149563 -0.6732277 0.7387643 -0.6025661 -0.7182542 0.3478866 4.45992e-5 -1 3.7998e-5 -0.03049737 0.9981386 -0.05281472 -0.06098783 0.9981386 -3.72343e-6 -1.9373e-7 1 1.21181e-7 0.03049021 0.9981386 -0.05281877 -0.03049737 0.9981386 0.05281507 0.06098747 0.9981386 3.90038e-6 0.03049021 0.9981386 0.05281895 0.6240265 -0.6732262 0.3966831 0.6025602 -0.7182599 0.3478851 0.6555508 -0.6732262 0.3420814 0.6555511 -0.6732259 -0.3420814 0.6025605 -0.7182596 -0.3478851 0.6240268 -0.6732259 -0.3966831 0.03152453 -0.6732262 -0.7387643 -2.57976e-6 -0.7182599 -0.6957749 -0.031524 -0.6732262 -0.7387643 -0.03152406 -0.6732261 0.7387644 -2.58349e-6 -0.7182598 0.695775 0.03152447 -0.6732261 0.7387644 -0.6240262 -0.6732264 -0.3966832 -0.6025599 -0.7182601 -0.3478852 -0.6555505 -0.6732264 -0.3420815 -0.7640606 0.4932135 0.4158751 -0.7263563 0.5571304 -0.4025076 -0.7640612 0.4932181 -0.4158685 -0.06100142 0.9981377 1.07884e-5 -0.711737 0.5571364 -0.4278194 -0.7263714 0.5571257 -0.4024868 -0.03050959 0.9981379 -0.05282157 -0.01461613 0.5571202 -0.8303034 -0.7421848 0.4932172 -0.4537605 -0.02187299 0.4932166 -0.8696315 0.0146237 0.5571331 -0.8302946 0.0305106 0.9981382 -0.05281412 0.02187591 0.4932199 -0.8696296 0.01465535 0.5571122 -0.830308 0.7117471 0.5571106 -0.4278364 0.7421856 0.4932194 -0.4537568 -0.6555507 -0.6732264 0.3420813 -0.6025601 -0.7182601 0.347885 -0.6240264 -0.6732264 0.396683 -0.7421758 0.49321 -0.453783 -0.7263733 0.5571269 -0.4024819 -0.7117464 0.5571265 -0.4278167 -0.7640752 0.4932103 -0.4158518 0.7640734 0.4932072 -0.4158588 0.7117462 0.5571267 -0.427817 0.7263703 0.5571287 -0.4024847 0.742181 0.4932069 -0.4537778 -0.02189993 0.49321 0.8696346 0.0146268 0.5571268 0.8302987 -0.01462721 0.5571266 0.8302989 0.02189195 0.4932073 0.8696363 0.02189958 0.4932098 -0.8696347 -0.01462733 0.5571265 -0.8302989 0.01462697 0.5571265 -0.8302989 -0.0218926 0.4932069 -0.8696365 0.7421756 0.4932102 0.4537832 0.7263733 0.5571268 0.4024819 0.7117459 0.557127 0.427817 0.7640754 0.49321 0.4158517 -0.7640738 0.4932067 0.4158586 -0.7117464 0.5571264 0.4278169 -0.7263739 0.5571262 0.4024816 -0.742176 0.4932097 0.453783 -0.6555627 -0.6732087 0.3420929 -0.7640815 0.4931864 0.4158685 -0.7640737 0.4932093 -0.4158559 -0.6555503 -0.6732385 -0.3420583 -0.624009 -0.673235 -0.3966956 -0.7421808 0.4931983 -0.4537876 -0.03149288 -0.6732281 -0.738764 -0.02189111 0.4931925 -0.8696448 -0.6240018 -0.6732472 0.3966864 -0.03149437 -0.6732349 0.7387577 -0.02189165 0.4931864 0.8696482 -0.7421823 0.4931921 0.4537919 -0.6555604 -0.6732353 0.3420449 -0.7640964 0.4931927 0.4158338 0.03153812 -0.6732453 0.7387464 0.6240365 -0.6732376 0.396648 0.7421908 0.4931857 0.453785 0.02190035 0.493196 0.8696425 -0.03156143 -0.6732432 0.7387473 -0.02192556 0.4931829 0.8696494 0.6240411 -0.673232 -0.39665 0.02190274 0.4931952 -0.8696429 0.7421939 0.4931782 -0.4537879 0.03154599 -0.6732338 -0.7387564 -0.0219255 0.493191 -0.8696447 -0.03156119 -0.6732362 -0.7387537 0.7117526 0.5571274 0.4278053 0.03048354 0.9981379 0.05283671 0.01462137 0.5570983 0.8303179 -0.01462757 0.557137 0.8302918 -0.03050839 0.998138 0.05281978 -0.711751 0.5571249 0.4278113 -0.02187758 0.4932151 0.8696323 -0.7421889 0.4932137 0.4537577 -0.7263684 0.5571368 0.4024769 -0.06097054 0.9981396 8.22544e-6 -0.7263781 0.5571143 -0.4024904 -0.7640507 0.4932296 0.4158742 0.0146231 0.557129 -0.8302973 0.03048062 0.9981407 -0.05278503 0.711739 0.5571377 -0.4278146 0.7263655 0.5571417 -0.4024752 0.06099009 0.9981384 -1.28001e-5 0.7263694 0.5571262 0.4024897 0.764061 0.4932149 -0.4158723 0.764061 0.493215 0.4158723 0.7117444 0.557134 0.4278102 0.03048282 0.9981383 0.0528298 0.7421876 0.4932184 0.4537544 0.7117459 0.5571084 0.4278412 0.01460653 0.5571005 0.8303166 0.02187871 0.4932228 0.8696279 0.7640836 0.4931948 0.4158547 0.7421721 0.4931896 0.4538111 0.6239985 -0.6732373 0.3967081 0.6555436 -0.6732441 0.3420601 0.7640833 0.4931965 -0.4158535 0.6555517 -0.6732363 -0.3420598 0.7421828 0.4931695 -0.4538155 0.623984 -0.6732553 -0.3967003 -0.6025682 -0.7182582 0.3478747 -0.6555432 -0.6732435 0.3420619 -0.6555432 -0.6732435 -0.3420619 -0.6025567 -0.718263 -0.3478848 3.2194e-5 -1 -2.78354e-5 5.66244e-7 -0.7182633 -0.6957713 0.6025635 -0.7182552 -0.3478889 0.6240084 -0.6732429 -0.3966832 0.03154081 -0.6732451 -0.7387464 -0.03154188 -0.6732455 -0.738746 -0.6240093 -0.6732428 -0.396682 0.6555433 -0.6732434 0.3420618 0.6025677 -0.7182585 -0.3478748 0.6555433 -0.6732434 -0.3420619 0.6025536 -0.7182646 0.3478868 9.41474e-6 -1 -5.39124e-5 -3.06964e-6 -0.7182559 0.695779 0.03153258 -0.6732379 0.7387533 0.6240387 -0.6732259 0.3966646 -0.6240109 -0.6732413 0.3966821 -1.41561e-5 -0.7182588 0.6957761 -0.03150147 -0.6732288 0.738763 -0.6025599 -0.7182582 0.3478889 5.62221e-5 -1 3.60906e-5 -0.03049737 0.9981386 -0.0528149 -0.06098783 0.9981386 -3.82774e-6 -1.9373e-7 1 0 0.03049021 0.9981386 -0.05281871 -0.03049737 0.9981386 0.05281496 0.06098747 0.9981386 4.01027e-6 0.03049021 0.9981386 0.05281877 0.6240265 -0.6732261 0.3966832 0.6025603 -0.7182598 0.3478852 0.6555508 -0.6732261 0.3420815 0.6555507 -0.6732265 -0.3420811 0.60256 -0.7182602 -0.3478848 0.6240263 -0.6732265 -0.3966828 -0.0315243 -0.6732261 0.7387645 -2.82377e-6 -0.7182598 0.695775 0.03152424 -0.6732261 0.7387645 -0.6240262 -0.6732264 -0.396683 -0.6025599 -0.7182601 -0.347885 -0.6555505 -0.6732264 -0.3420814 -0.7640602 0.4932106 0.4158793 -0.726359 0.5571297 -0.4025036 -0.7640636 0.4932174 -0.4158648 -0.06099879 0.9981379 1.23084e-5 -0.7117378 0.5571346 -0.4278206 -0.7263698 0.5571284 -0.4024859 -0.03050976 0.9981379 -0.05282151 -0.01461684 0.557119 -0.830304 -0.7421828 0.4932191 -0.4537617 -0.02187031 0.4932178 -0.8696309 0.01462352 0.5571341 -0.8302939 0.03051042 0.9981383 -0.05281299 0.02187794 0.493215 -0.8696324 0.01465243 0.5571153 -0.8303059 0.7117458 0.5571137 -0.4278344 0.7421889 0.4932137 -0.4537577 -0.6555507 -0.6732264 0.3420812 -0.60256 -0.7182601 0.3478848 -0.6240264 -0.6732265 0.3966829 -0.7421758 0.49321 -0.4537832 -0.7263734 0.5571265 -0.402482 -0.711746 0.5571268 -0.4278169 -0.7640756 0.4932097 -0.4158519 0.7640736 0.4932073 -0.4158587 0.7117463 0.5571264 -0.4278171 0.7263703 0.557129 -0.4024843 0.7421812 0.4932065 -0.453778 -0.02190005 0.4932099 0.8696346 0.01462686 0.5571265 0.830299 -0.01462757 0.5571268 0.8302986 0.02189224 0.4932067 0.8696367 0.0218994 0.4932098 -0.8696348 -0.01462751 0.5571265 -0.8302988 0.01462686 0.5571264 -0.8302989 -0.02189284 0.493207 -0.8696365 0.7421756 0.49321 0.4537833 0.7263733 0.5571267 0.402482 0.7117459 0.5571268 0.4278172 0.7640755 0.4932098 0.4158517 -0.7640739 0.4932069 0.4158583 -0.7117465 0.5571264 0.4278167 -0.7263739 0.5571266 0.4024812 -0.7421761 0.4932096 0.453783 -0.6555624 -0.6732091 0.3420929 -0.7640712 0.4932131 -0.415856 -0.6555533 -0.6732352 -0.3420591 -0.6240084 -0.6732348 -0.3966972 -0.7421804 0.4931984 -0.4537882 -0.03149288 -0.6732267 -0.7387652 -0.02189338 0.4931918 -0.8696451 -0.6240015 -0.6732472 0.3966867 -0.03149366 -0.6732323 0.7387602 -0.02189207 0.4931861 0.8696484 -0.7421828 0.4931907 0.4537925 -0.6555604 -0.6732353 0.342045 -0.7640964 0.4931927 0.4158338 0.03153884 -0.6732459 0.7387458 0.6240392 -0.673228 0.3966602 0.7421929 0.4931855 0.4537816 0.02190256 0.4931887 0.8696467 -0.03156155 -0.6732417 0.7387486 -0.02192568 0.4931846 0.8696484 0.6240407 -0.6732302 -0.396654 0.02190238 0.4931956 -0.8696426 0.7421925 0.4931926 -0.4537746 0.03154027 -0.6732386 -0.7387524 -0.02192538 0.4931932 -0.8696436 -0.03156101 -0.6732343 -0.7387555 0.0304836 0.9981379 0.05283671 0.01462131 0.5570985 0.8303178 -0.01462829 0.5571349 0.8302932 -0.03050935 0.9981378 0.05282056 -0.7117515 0.5571231 0.4278126 -0.02187347 0.4932153 0.8696324 -0.7421858 0.4932156 0.4537607 -0.7263686 0.5571362 0.4024772 -0.06097251 0.9981395 9.0003e-6 -0.726378 0.5571144 -0.4024905 -0.7640501 0.4932307 0.4158737 0.01462352 0.5571346 -0.8302935 0.03048026 0.9981408 -0.05278283 0.7117387 0.5571393 -0.4278129 0.7263671 0.5571368 -0.4024792 0.06099927 0.9981379 -1.36048e-5 0.7263724 0.5571234 0.402488 0.7640621 0.4932128 -0.415873 0.7640624 0.4932127 0.4158726 0.7117415 0.5571391 0.4278087 0.03047692 0.9981386 0.05282664 0.7421858 0.4932171 0.453759 0.7117446 0.5571129 0.4278373 0.01460385 0.5571045 0.8303139 0.02187424 0.4932187 0.8696303 0.7640841 0.4931945 0.4158541 0.742178 0.4931793 0.4538127 0.6239915 -0.6732456 0.3967051 0.6555441 -0.6732442 0.3420588 0.7640833 0.4931964 -0.4158534 0.6555519 -0.673236 -0.3420602 0.7421662 0.4932035 -0.4538056 0.6240087 -0.6732242 -0.3967145 -0.6025697 -0.718257 0.3478746 -0.6025571 -0.7182637 -0.3478825 3.33712e-5 -1 -2.27392e-5 3.38629e-6 -0.7182649 -0.6957697 0.602568 -0.7182524 -0.347887 0.6240016 -0.673245 -0.3966904 0.03153079 -0.673242 -0.7387497 -0.03153753 -0.6732398 -0.7387514 -0.6240077 -0.6732398 -0.3966895 0.6555448 -0.6732418 0.3420622 0.6025685 -0.7182579 -0.3478748 0.6555448 -0.6732417 -0.3420622 0.6025547 -0.7182639 0.347886 8.55047e-6 -1 -5.76973e-5 0 -0.7182569 0.695778 0.03153449 -0.6732432 0.7387484 0.6240385 -0.6732293 0.3966588 -0.6240055 -0.6732458 0.3966827 -1.55568e-5 -0.7182596 0.6957753 -0.0314958 -0.6732311 0.738761 -0.602561 -0.7182581 0.3478875 5.83083e-5 -1 2.6688e-5 -1.9373e-7 1 0 -0.03049737 0.9981386 0.05281496 0.06098747 0.9981386 4.01027e-6 0.6240265 -0.6732261 0.3966832 0.6025602 -0.7182598 0.3478851 0.6555508 -0.6732261 0.3420815 0.6555507 -0.6732263 -0.3420813 0.6025601 -0.71826 -0.347885 0.6240264 -0.6732264 -0.396683 0.03152477 -0.6732264 -0.7387642 -2.33855e-6 -0.7182601 -0.6957747 -0.03152376 -0.6732264 -0.7387642 -0.0315243 -0.6732262 0.7387643 -2.81911e-6 -0.71826 0.6957749 0.03152424 -0.6732262 0.7387643 -0.6240258 -0.6732267 -0.3966834 -0.6025595 -0.7182604 -0.3478854 -0.6555501 -0.6732267 -0.3420817 -0.06099945 0.9981378 1.22637e-5 -0.7117322 0.5571429 -0.4278191 -0.7263701 0.5571277 -0.4024864 -0.03050911 0.998138 -0.0528205 -0.01460963 0.557119 -0.8303043 -0.7421832 0.4932174 -0.4537628 -0.02187097 0.4932163 -0.8696318 0.01462358 0.5571346 -0.8302934 0.03051114 0.9981383 -0.0528118 0.02188396 0.4932166 -0.8696313 0.01464313 0.5571144 -0.8303068 0.7117406 0.5571165 -0.4278396 0.7421935 0.4932119 -0.4537521 -0.6555507 -0.6732262 0.3420815 -0.6025601 -0.7182599 0.3478851 -0.6240264 -0.6732262 0.3966831 -0.742176 0.4932097 -0.453783 -0.7263734 0.5571268 -0.4024819 -0.7117468 0.557126 -0.4278167 -0.7640753 0.4932103 -0.4158517 0.7117461 0.5571267 -0.4278171 0.7263705 0.5571283 -0.4024847 0.7421808 0.4932072 -0.4537779 -0.02189999 0.4932099 0.8696346 0.01462692 0.5571267 0.8302987 -0.01462745 0.5571267 0.8302989 0.02189224 0.4932071 0.8696364 0.02189952 0.4932097 -0.8696348 -0.01462733 0.5571265 -0.8302988 0.0146268 0.5571264 -0.830299 -0.02189254 0.4932071 -0.8696365 0.7421756 0.4932098 0.4537835 0.7263734 0.5571265 0.4024822 0.7640756 0.4932097 0.4158519 -0.7640737 0.493207 0.4158586 -0.7117464 0.5571265 0.4278168 -0.7263734 0.5571268 0.4024817 -0.7421761 0.4932096 0.4537829 -0.6555654 -0.6732064 0.3420924 -0.7640712 0.4932144 -0.4158545 -0.6555556 -0.6732341 -0.3420566 -0.6240057 -0.6732389 -0.3966942 -0.7421819 0.4931953 -0.4537889 -0.03149735 -0.6732275 -0.7387643 -0.02189928 0.4931895 -0.8696462 -0.6240032 -0.6732461 0.3966859 -0.03149396 -0.6732336 0.7387589 -0.02189451 0.4931844 0.8696492 -0.7421838 0.4931914 0.4537903 -0.6555553 -0.6732429 0.3420401 -0.7641016 0.4931836 0.415835 0.03153866 -0.6732461 0.7387456 0.6240409 -0.6732342 0.3966469 0.7421918 0.4931855 0.4537835 0.02189916 0.4931921 0.8696448 -0.03156137 -0.6732428 0.7387477 -0.02192556 0.4931834 0.8696491 0.624043 -0.6732289 -0.3966525 0.02190482 0.4931977 -0.8696415 0.7421855 0.493186 -0.4537932 0.03155225 -0.6732366 -0.7387537 -0.0219258 0.4931904 -0.8696451 -0.03156149 -0.6732369 -0.7387531 0.7117528 0.5571264 0.4278063 0.03048413 0.998138 0.05283379 0.01462161 0.5571011 0.8303161 -0.0146296 0.5571383 0.8302909 -0.03050911 0.9981381 0.05281674 -0.7117524 0.5571244 0.4278097 -0.02187752 0.4932162 0.8696318 -0.7421883 0.4932149 0.4537572 -0.726368 0.5571377 0.4024764 -0.06096994 0.9981396 8.79168e-6 0.01461267 0.5571265 -0.830299 0.03047603 0.9981408 -0.0527836 0.711736 0.5571416 -0.4278146 0.7263657 0.5571405 -0.4024766 0.06099379 0.9981383 -1.4171e-5 0.7263693 0.5571262 0.4024898 0.7117434 0.5571358 0.4278095 0.03048098 0.9981384 0.05282837 0.7421875 0.4932142 0.4537593 0.7117449 0.5571144 0.4278349 0.01460385 0.5571065 0.8303127 0.02187561 0.4932162 0.8696318 0.7640831 0.4931962 0.4158539 0.742174 0.4931865 0.4538115 0.6239967 -0.6732398 0.3967068 0.6555451 -0.6732428 0.3420595 0.7640858 0.4931939 -0.4158518 0.65555 -0.6732391 -0.3420575 0.7421716 0.4931913 -0.4538104 0.6239984 -0.6732361 -0.3967106 -0.6025684 -0.7182585 0.3478737 -0.655547 -0.6732389 0.3420636 -0.6555477 -0.6732392 -0.3420619 -0.6025561 -0.7182632 -0.3478854 3.29316e-5 -1 -2.39015e-5 2.42144e-7 -0.7182636 -0.6957712 0.6025626 -0.7182562 -0.3478888 0.6240131 -0.6732389 -0.3966827 0.03154569 -0.6732432 -0.738748 -0.03154903 -0.6732428 -0.7387481 -0.6240172 -0.6732359 -0.3966813 0.6555473 -0.6732391 0.3420627 0.6025667 -0.7182595 -0.3478747 0.6025531 -0.7182651 0.3478866 -1.57952e-6 -0.7182565 0.6957784 0.03153902 -0.6732414 0.7387499 0.6240432 -0.6732254 0.3966581 -0.6240065 -0.6732433 0.3966858 -1.70171e-5 -0.7182579 0.695777 -0.6025624 -0.7182563 0.3478887 5.20051e-5 -1 3.63216e-5 -0.03049737 0.9981386 -0.0528149 -1.9373e-7 1 1.21181e-7 0.06098747 0.9981386 4.08106e-6 0.03049021 0.9981386 0.05281877 0.6240265 -0.6732262 0.3966832 0.6025601 -0.7182599 0.3478851 0.6555508 -0.6732262 0.3420815 0.6555508 -0.6732262 -0.3420813 0.6025602 -0.71826 -0.3478849 0.6240265 -0.6732263 -0.3966829 0.03152477 -0.6732262 -0.7387643 -2.33855e-6 -0.71826 -0.6957749 -0.03152376 -0.6732263 -0.7387644 -0.0315243 -0.6732262 0.7387644 -2.81725e-6 -0.7182599 0.6957749 0.03152424 -0.6732262 0.7387644 -0.6240264 -0.6732264 -0.3966832 -0.6025601 -0.7182601 -0.3478851 -0.6555507 -0.6732264 -0.3420814 -0.7640636 0.4932115 0.415872 -0.7263573 0.5571271 -0.4025103 -0.7640612 0.4932147 -0.4158725 -0.06100142 0.9981377 1.08033e-5 -0.7117373 0.5571362 -0.4278191 -0.7263714 0.5571258 -0.4024868 -0.03051012 0.9981377 -0.05282294 -0.01461577 0.5571192 -0.830304 -0.7421835 0.4932163 -0.4537635 -0.02186989 0.4932142 -0.869633 0.01462286 0.5571363 -0.8302924 0.03051108 0.9981384 -0.05281001 0.02187746 0.4932197 -0.8696297 0.01465153 0.5571126 -0.8303077 0.7117451 0.557112 -0.4278379 0.7421868 0.4932187 -0.4537556 -0.7421758 0.4932097 -0.4537833 -0.7263736 0.5571263 -0.4024822 -0.711746 0.5571268 -0.427817 -0.7640758 0.4932093 -0.415852 0.7640736 0.4932069 -0.4158587 0.7117463 0.5571265 -0.427817 0.7263708 0.5571281 -0.4024845 0.742181 0.493207 -0.4537779 -0.02190005 0.4932097 0.8696348 0.01462686 0.5571265 0.8302989 -0.01462757 0.5571263 0.8302989 0.02189224 0.4932071 0.8696365 0.0218994 0.49321 -0.8696346 -0.01462751 0.5571267 -0.8302989 0.01462686 0.5571268 -0.8302987 -0.02189284 0.4932069 -0.8696365 0.7421758 0.4932098 0.4537834 0.7263735 0.5571264 0.402482 0.7640758 0.4932094 0.4158518 -0.7640736 0.4932072 0.4158583 -0.7117464 0.5571265 0.4278169 -0.7263735 0.5571272 0.402481 -0.7421759 0.4932094 0.4537833 -0.6555644 -0.673208 0.3420912 -0.7640727 0.4932008 0.415868 -0.7640713 0.4932126 -0.4158563 -0.6555476 -0.6732413 -0.3420578 -0.6240147 -0.6732251 -0.3967033 -0.7421773 0.4932066 -0.4537844 -0.03149288 -0.6732267 -0.7387653 -0.02189648 0.493185 -0.8696489 -0.6240094 -0.6732371 0.3966916 -0.03149682 -0.6732297 0.7387623 -0.02189534 0.493184 0.8696495 -0.7421813 0.4931978 0.4537874 -0.6555494 -0.6732487 0.3420399 -0.7641048 0.4931748 0.4158397 0.03153884 -0.6732459 0.7387458 0.6240368 -0.6732343 0.3966533 0.7421927 0.4931849 0.4537827 0.02190291 0.4931926 0.8696445 -0.02192568 0.4931846 0.8696483 0.6240408 -0.6732301 -0.3966542 0.0219022 0.493196 -0.8696425 0.7421934 0.4931893 -0.4537769 0.03154069 -0.6732367 -0.738754 -0.02192538 0.4931931 -0.8696436 -0.03156101 -0.6732342 -0.7387554 0.7117509 0.5571311 0.4278033 0.0304827 0.9981381 0.05283164 0.01462095 0.557103 0.8303148 -0.01462787 0.557137 0.8302918 -0.03050833 0.9981381 0.05281794 -0.7117507 0.5571262 0.42781 -0.02187597 0.4932178 0.8696308 -0.7421864 0.4932175 0.4537575 -0.7263681 0.5571373 0.4024766 -0.06097131 0.9981396 8.01683e-6 -0.7263782 0.5571143 -0.4024905 -0.7640494 0.4932318 0.4158735 0.01462292 0.5571338 -0.8302941 0.03048086 0.9981407 -0.05278331 0.7117391 0.5571382 -0.4278137 0.7263641 0.5571424 -0.4024767 0.06099039 0.9981384 -1.29491e-5 0.7263692 0.5571273 0.4024886 0.7640621 0.4932128 -0.4158729 0.7117428 0.5571369 0.4278094 0.03047955 0.9981384 0.05282813 0.7421873 0.4932157 0.453758 0.7117444 0.557112 0.4278392 0.01460367 0.5571033 0.8303149 0.02187633 0.4932181 0.8696306 0.7640821 0.4931982 0.4158535 0.7421731 0.4931877 0.4538117 0.6239963 -0.6732393 0.3967084 0.6555456 -0.6732427 0.342059 0.7640849 0.4931938 -0.4158535 0.6555487 -0.6732397 -0.342059 0.7421706 0.4931948 -0.4538082 0.6240025 -0.673232 -0.3967111 -0.6025646 -0.7182611 0.3478749 -0.6555433 -0.6732434 0.3420619 -0.6555434 -0.6732433 -0.3420619 -0.6025555 -0.7182644 -0.3478838 3.41162e-5 -1 -2.54214e-5 2.17743e-6 -0.7182641 -0.6957706 0.6025671 -0.7182538 -0.3478856 0.6240016 -0.6732449 -0.3966906 0.03153079 -0.6732419 -0.7387498 -0.03153675 -0.6732426 -0.7387489 -0.624006 -0.6732426 -0.3966875 0.6025685 -0.7182579 -0.3478748 0.6025547 -0.7182641 0.3478858 1.06767e-5 -1 -5.59091e-5 -2.68221e-7 -0.7182573 0.6957777 0.03153538 -0.6732404 0.738751 0.6240403 -0.6732264 0.3966611 -0.6240109 -0.6732386 0.3966865 -1.66893e-5 -0.7182581 0.6957768 -0.03149974 -0.6732244 0.738767 -0.6025618 -0.7182566 0.347889 4.64022e-5 -1 4.71398e-5 -1.9373e-7 1 0 0.6240266 -0.6732261 0.3966832 0.6025603 -0.7182598 0.3478852 0.6555509 -0.6732261 0.3420815 0.6555509 -0.6732261 -0.3420813 0.6025602 -0.7182598 -0.347885 0.6240266 -0.6732262 -0.396683 -0.03152406 -0.6732262 0.7387644 -2.57511e-6 -0.7182599 0.6957749 0.03152447 -0.6732262 0.7387644 -0.6240263 -0.6732263 -0.3966832 -0.60256 -0.71826 -0.3478852 -0.6555507 -0.6732264 -0.3420816 -0.7640625 0.4932132 0.4158716 -0.7263557 0.5571288 -0.4025107 -0.7640602 0.4932165 -0.4158721 -0.06100142 0.9981378 1.08182e-5 -0.7117373 0.5571356 -0.4278202 -0.7263714 0.5571257 -0.4024868 -0.03051096 0.9981376 -0.05282509 -0.01461595 0.5571177 -0.830305 -0.742186 0.4932148 -0.4537612 -0.02187335 0.4932142 -0.8696329 0.01462304 0.5571355 -0.8302929 0.03051131 0.9981384 -0.0528109 0.02187603 0.4932174 -0.8696311 0.711745 0.5571119 -0.4278379 0.7421866 0.493217 -0.4537578 -0.6555507 -0.6732265 0.3420812 -0.6025599 -0.7182602 0.3478849 -0.6240263 -0.6732265 0.3966829 -0.7421759 0.4932098 -0.4537832 -0.7263735 0.5571264 -0.4024821 -0.7117462 0.5571268 -0.4278168 -0.7640757 0.4932094 -0.4158521 0.7640735 0.4932072 -0.4158586 0.7117462 0.5571267 -0.4278169 0.7263706 0.5571284 -0.4024844 0.742181 0.493207 -0.4537778 -0.02189999 0.4932098 0.8696347 0.0146268 0.5571268 0.8302987 -0.01462721 0.5571264 0.8302989 0.02189195 0.4932074 0.8696362 0.02189958 0.4932098 -0.8696347 -0.01462733 0.5571267 -0.8302989 0.01462697 0.5571266 -0.8302989 -0.0218926 0.493207 -0.8696365 0.7421757 0.49321 0.4537832 0.7263733 0.5571267 0.4024819 0.711746 0.5571267 0.4278171 0.7640755 0.49321 0.4158517 -0.7640739 0.4932068 0.4158586 -0.7117464 0.5571263 0.4278171 -0.7263737 0.5571266 0.4024814 -0.7421759 0.4932095 0.4537834 -0.6555649 -0.6732075 0.3420912 -0.7640713 0.4932128 -0.4158561 -0.655548 -0.6732407 -0.3420583 -0.6240137 -0.673228 -0.3967002 -0.742179 0.4932029 -0.4537857 -0.03149342 -0.6732273 -0.7387647 -0.02189427 0.4931856 -0.8696486 -0.62401 -0.6732365 0.3966915 -0.03149563 -0.6732352 0.7387573 -0.02189499 0.4931843 0.8696494 -0.7421792 0.4932014 0.4537869 -0.6555497 -0.6732491 0.3420383 -0.7641054 0.4931749 0.4158382 0.03153806 -0.6732469 0.7387449 0.6240366 -0.6732366 0.3966498 0.7421918 0.4931832 0.4537861 0.02190017 0.4931921 0.8696447 0.6240417 -0.673231 -0.3966511 0.02190333 0.4931958 -0.8696427 0.7421922 0.4931851 -0.4537833 0.03154563 -0.6732361 -0.7387544 -0.0219255 0.493191 -0.8696447 0.03048259 0.9981381 0.05283164 0.0146209 0.5571029 0.8303148 -0.01462781 0.5571376 0.8302914 -0.03050726 0.9981381 0.05281662 -0.7117508 0.5571267 0.4278094 -0.02188104 0.4932184 0.8696303 -0.7421898 0.4932161 0.4537534 -0.7263679 0.5571379 0.4024762 -0.06096935 0.9981397 7.21216e-6 -0.7263783 0.5571141 -0.4024904 -0.7640501 0.4932306 0.4158739 0.01462149 0.557132 -0.8302953 0.03048032 0.9981406 -0.0527842 0.7117388 0.5571381 -0.4278144 0.7263651 0.557141 -0.4024771 0.06099164 0.9981383 -1.2815e-5 0.72637 0.557126 0.402489 0.7640613 0.4932142 -0.4158726 0.7640613 0.4932144 0.4158724 0.7117429 0.5571366 0.4278093 0.0304799 0.9981384 0.05282813 0.7421879 0.4932146 0.4537582 0.7117455 0.557112 0.4278373 0.01460522 0.5571041 0.8303143 0.02187645 0.4932172 0.8696311 0.7640817 0.4931982 0.4158543 0.7421777 0.4931798 0.4538128 0.6239929 -0.6732449 0.3967042 0.6555451 -0.6732425 0.3420604 0.7640847 0.4931938 -0.4158542 0.6555486 -0.6732398 -0.3420589 0.7421745 0.4931864 -0.4538108 0.6239965 -0.6732397 -0.3967073 -0.6025657 -0.7182602 0.3478749 -0.6025552 -0.7182644 -0.3478844 3.3088e-5 -1 -2.63453e-5 7.0408e-7 -0.7182641 -0.6957707 0.6025632 -0.7182559 -0.3478881 0.6240104 -0.6732398 -0.3966854 0.03154188 -0.6732422 -0.7387491 -0.03154176 -0.6732456 -0.7387459 0.6025704 -0.7182565 -0.3478746 0.6025545 -0.7182639 0.3478866 1.00788e-5 -1 -5.51641e-5 -3.42727e-6 -0.7182567 0.6957783 0.03153187 -0.6732407 0.7387508 0.624037 -0.6732286 0.3966625 -0.6240145 -0.6732363 0.396685 -1.57058e-5 -0.7182567 0.6957783 -0.03150391 -0.6732238 0.7387674 -0.6025611 -0.7182561 0.3478911 5.0351e-5 -1 4.62755e-5 -1.9373e-7 1 0</float_array>
          <technique_common>
            <accessor source="#obj_chaosemerald_01a_006-mesh-normals-array" count="979" stride="3">
              <param name="X" type="float"/>
              <param name="Y" type="float"/>
              <param name="Z" type="float"/>
            </accessor>
          </technique_common>
        </source>
        <source id="obj_chaosemerald_01a_006-mesh-map-0">
          <float_array id="obj_chaosemerald_01a_006-mesh-map-0-array" count="4032">0.9938635 0.5612013 0.4615455 0.3135115 0.9931461 0.06724447 0.9938635 0.5612013 0.4615455 0.3135115 0.9931461 0.06724447 0.9938635 0.5612013 0.4615455 0.3135115 0.9931461 0.06724447 0.9938635 0.5612013 0.4615455 0.3135115 0.9931461 0.06724447 0.9938635 0.5612013 0.4615455 0.3135115 0.9931461 0.06724447 0.01234757 0.8005598 0.07222568 0.8075645 0.01234757 0.8075645 0.07721024 0.8040621 0.1370581 0.9198576 0.07222568 0.8075645 0.07721024 0.8040621 0.1425836 0.9172919 0.1370581 0.9198576 0.1370581 0.9198576 0.1425836 0.9172919 0.1431242 0.9233596 0.1071192 0.9717134 0.1370581 0.9198576 0.1431242 0.9233596 0.1071192 0.9717134 0.1431242 0.9233596 0.1131852 0.9752157 0.1425836 0.9172919 0.2727893 0.9233596 0.1431242 0.9233596 0.1425836 0.9172919 0.27333 0.9172919 0.2727893 0.9233596 0.3027284 0.9752157 0.2727893 0.9233596 0.2788553 0.9198573 0.3027284 0.9752157 0.2788553 0.9198573 0.3087942 0.9717134 0.9938635 0.5612013 0.4615455 0.3135115 0.9931461 0.06724447 0.3844101 0.6475694 0.8817753 0.9704832 0.4771041 0.9704832 0.3844101 0.6475694 0.9744693 0.6475694 0.8817753 0.9704832 0.3844101 0.6475694 0.8817753 0.9704832 0.4771041 0.9704832 0.3844101 0.6475694 0.9744693 0.6475694 0.8817753 0.9704832 0.3844101 0.6475694 0.8817753 0.9704832 0.4771041 0.9704832 0.3844101 0.6475694 0.9744693 0.6475694 0.8817753 0.9704832 0.3844101 0.6475694 0.8817753 0.9704832 0.4771041 0.9704832 0.3844101 0.6475694 0.9744693 0.6475694 0.8817753 0.9704832 0.3844101 0.6475694 0.8817753 0.9704832 0.4771041 0.9704832 0.3844101 0.6475694 0.9744693 0.6475694 0.8817753 0.9704832 0.3844101 0.6475694 0.8817753 0.9704832 0.4771041 0.9704832 0.3844101 0.6475694 0.9744693 0.6475694 0.8817753 0.9704832 0.01315551 0.8005598 0.01234757 0.8005598 0.01234757 0.8075645 0.01315551 0.8005598 0.01234757 0.8075645 0.01315551 0.8075645 0.01234757 0.8075645 0.107523 0.9710139 0.01315551 0.8075645 0.01234757 0.8075645 0.1071192 0.9717134 0.107523 0.9710139 0.1135892 0.9745162 0.107523 0.9710139 0.1071192 0.9717134 0.1135892 0.9745162 0.1071192 0.9717134 0.1131852 0.9752157 0.107523 0.6371108 0.1135891 0.6336082 0.1131851 0.6329085 0.107523 0.6371108 0.1131851 0.6329085 0.107119 0.6364111 0.107119 0.6364111 0.01315551 0.8005598 0.107523 0.6371108 0.107119 0.6364111 0.01234757 0.8005598 0.01315551 0.8005598 0.3023242 0.6336082 0.3083903 0.6371108 0.3087943 0.636411 0.3023242 0.6336082 0.3087943 0.636411 0.3027282 0.6329085 0.3027282 0.6329085 0.1135891 0.6336082 0.3023242 0.6336082 0.3027282 0.6329085 0.1131851 0.6329085 0.1135891 0.6336082 0.3083904 0.9710137 0.3027284 0.9752157 0.3087942 0.9717134 0.3083904 0.9710137 0.3023242 0.974516 0.3027284 0.9752157 0.1131852 0.9752157 0.3027284 0.9752157 0.3023242 0.974516 0.1131852 0.9752157 0.3023242 0.974516 0.1135892 0.9745162 0.2788553 0.6882666 0.27333 0.6908322 0.2727893 0.6847643 0.27333 0.6908322 0.1431242 0.6847643 0.2727893 0.6847643 0.27333 0.6908322 0.1425836 0.6908322 0.1431242 0.6847643 0.1431242 0.6847643 0.1425836 0.6908322 0.1370581 0.6882666 0.1131851 0.6329085 0.1431242 0.6847643 0.1370581 0.6882666 0.1131851 0.6329085 0.1370581 0.6882666 0.107119 0.6364111 0.1425836 0.6908322 0.07222568 0.8005598 0.1370581 0.6882666 0.1425836 0.6908322 0.07721024 0.8040621 0.07222568 0.8005598 0.07222568 0.8075645 0.07222568 0.8005598 0.07721024 0.8040621 0.01234757 0.8005598 0.07222568 0.8005598 0.07222568 0.8075645 0.2727893 0.9233596 0.27333 0.9172919 0.2788553 0.9198573 0.27333 0.9172919 0.3436875 0.8075645 0.2788553 0.9198573 0.27333 0.9172919 0.3387033 0.8040621 0.3436875 0.8075645 0.3436875 0.8075645 0.3387033 0.8040621 0.3436875 0.8005598 0.4035658 0.8075645 0.3436875 0.8075645 0.3436875 0.8005598 0.4035658 0.8075645 0.3436875 0.8005598 0.4035658 0.8005598 0.3387033 0.8040621 0.2788553 0.6882666 0.3436875 0.8005598 0.3387033 0.8040621 0.27333 0.6908322 0.2788553 0.6882666 0.3087943 0.636411 0.2788553 0.6882666 0.2727893 0.6847643 0.3087943 0.636411 0.2727893 0.6847643 0.3027282 0.6329085 0.4035658 0.8005598 0.3087943 0.636411 0.3083903 0.6371108 0.4035658 0.8005598 0.3083903 0.6371108 0.402758 0.8005598 0.402758 0.8005598 0.4035658 0.8075645 0.4035658 0.8005598 0.402758 0.8005598 0.402758 0.8075645 0.4035658 0.8075645 0.3087942 0.9717134 0.4035658 0.8075645 0.402758 0.8075645 0.3087942 0.9717134 0.402758 0.8075645 0.3083904 0.9710137 0.2038814 0.8029065 0.09180492 0.8029065 0.09180486 0.807066 0.2038814 0.8029065 0.09180486 0.807066 0.2038814 0.807066 0.2038814 0.807066 0.2074836 0.8049862 0.2038814 0.8029065 0.2074836 0.8091455 0.2074836 0.8049862 0.2038814 0.807066 0.2110859 0.807066 0.2074836 0.8049862 0.2074836 0.8091455 0.2074836 0.8091455 0.2671241 0.904127 0.2110859 0.807066 0.2074836 0.8091455 0.263522 0.9062067 0.2671241 0.904127 0.1514453 0.9062067 0.2074836 0.8091455 0.2038814 0.807066 0.1514453 0.9062067 0.2038814 0.807066 0.1478432 0.904127 0.3231623 0.8029065 0.2110859 0.807066 0.3231623 0.8070658 0.3231623 0.8029065 0.2110859 0.8029065 0.2110859 0.807066 0.2110859 0.8029065 0.2074836 0.8049862 0.2110859 0.807066 0.2074836 0.8008268 0.2074836 0.8049862 0.2110859 0.8029065 0.2110859 0.8029065 0.2635219 0.7037655 0.2074836 0.8008268 0.2110859 0.8029065 0.2671241 0.7058452 0.2635219 0.7037655 0.1478431 0.7058449 0.2074836 0.8008268 0.1514453 0.7037655 0.1478431 0.7058449 0.2038814 0.8029065 0.2074836 0.8008268 0.2038814 0.8029065 0.2074836 0.8049862 0.2074836 0.8008268 0.4547463 0.401184 0.2288589 0.5316004 0.2288588 0.270768 0.4547463 0.401184 0.2288588 0.270768 0.4547463 0.1403517 0.2288589 0.5316004 0.002971351 0.4011841 0.2288588 0.270768 0.2288588 0.270768 0.2288588 0.009935617 0.4547463 0.1403517 0.002971351 0.4011841 0.002971351 0.1403518 0.2288588 0.270768 0.2288588 0.270768 0.002971351 0.1403518 0.2288588 0.009935617 0.9938635 0.5612013 0.4615455 0.3135115 0.9931461 0.06724447 0.9938635 0.5612013 0.4615455 0.3135115 0.9931461 0.06724447 0.9938635 0.5612013 0.4615455 0.3135115 0.9931461 0.06724447 0.9938635 0.5612013 0.4615455 0.3135115 0.9931461 0.06724447 0.9938635 0.5612013 0.4615455 0.3135115 0.9931461 0.06724447 0.01234757 0.8005598 0.07222568 0.8075645 0.01234757 0.8075645 0.07721024 0.8040621 0.1370581 0.9198576 0.07222568 0.8075645 0.07721024 0.8040621 0.1425836 0.9172919 0.1370581 0.9198576 0.1370581 0.9198576 0.1425836 0.9172919 0.1431242 0.9233596 0.1071192 0.9717134 0.1370581 0.9198576 0.1431242 0.9233596 0.1071192 0.9717134 0.1431242 0.9233596 0.1131852 0.9752157 0.1425836 0.9172919 0.2727893 0.9233596 0.1431242 0.9233596 0.1425836 0.9172919 0.27333 0.9172919 0.2727893 0.9233596 0.3027284 0.9752157 0.2727893 0.9233596 0.2788553 0.9198573 0.3027284 0.9752157 0.2788553 0.9198573 0.3087942 0.9717134 0.9938635 0.5612013 0.4615455 0.3135115 0.9931461 0.06724447 0.3844101 0.6475694 0.8817753 0.9704832 0.4771041 0.9704832 0.3844101 0.6475694 0.9744693 0.6475694 0.8817753 0.9704832 0.3844101 0.6475694 0.8817753 0.9704832 0.4771041 0.9704832 0.3844101 0.6475694 0.9744693 0.6475694 0.8817753 0.9704832 0.3844101 0.6475694 0.8817753 0.9704832 0.4771041 0.9704832 0.3844101 0.6475694 0.9744693 0.6475694 0.8817753 0.9704832 0.3844101 0.6475694 0.8817753 0.9704832 0.4771041 0.9704832 0.3844101 0.6475694 0.9744693 0.6475694 0.8817753 0.9704832 0.3844101 0.6475694 0.8817753 0.9704832 0.4771041 0.9704832 0.3844101 0.6475694 0.9744693 0.6475694 0.8817753 0.9704832 0.3844101 0.6475694 0.8817753 0.9704832 0.4771041 0.9704832 0.3844101 0.6475694 0.9744693 0.6475694 0.8817753 0.9704832 0.01315551 0.8005598 0.01234757 0.8005598 0.01234757 0.8075645 0.01315551 0.8005598 0.01234757 0.8075645 0.01315551 0.8075645 0.01234757 0.8075645 0.107523 0.9710139 0.01315551 0.8075645 0.01234757 0.8075645 0.1071192 0.9717134 0.107523 0.9710139 0.1135892 0.9745162 0.107523 0.9710139 0.1071192 0.9717134 0.1135892 0.9745162 0.1071192 0.9717134 0.1131852 0.9752157 0.107523 0.6371108 0.1135891 0.6336082 0.1131851 0.6329085 0.107523 0.6371108 0.1131851 0.6329085 0.107119 0.6364111 0.107119 0.6364111 0.01315551 0.8005598 0.107523 0.6371108 0.107119 0.6364111 0.01234757 0.8005598 0.01315551 0.8005598 0.3023242 0.6336082 0.3083903 0.6371108 0.3087943 0.636411 0.3023242 0.6336082 0.3087943 0.636411 0.3027282 0.6329085 0.3027282 0.6329085 0.1135891 0.6336082 0.3023242 0.6336082 0.3027282 0.6329085 0.1131851 0.6329085 0.1135891 0.6336082 0.3083904 0.9710137 0.3027284 0.9752157 0.3087942 0.9717134 0.3083904 0.9710137 0.3023242 0.974516 0.3027284 0.9752157 0.1131852 0.9752157 0.3027284 0.9752157 0.3023242 0.974516 0.1131852 0.9752157 0.3023242 0.974516 0.1135892 0.9745162 0.2788553 0.6882666 0.27333 0.6908322 0.2727893 0.6847643 0.27333 0.6908322 0.1431242 0.6847643 0.2727893 0.6847643 0.27333 0.6908322 0.1425836 0.6908322 0.1431242 0.6847643 0.1431242 0.6847643 0.1425836 0.6908322 0.1370581 0.6882666 0.1131851 0.6329085 0.1431242 0.6847643 0.1370581 0.6882666 0.1131851 0.6329085 0.1370581 0.6882666 0.107119 0.6364111 0.1425836 0.6908322 0.07222568 0.8005598 0.1370581 0.6882666 0.1425836 0.6908322 0.07721024 0.8040621 0.07222568 0.8005598 0.07222568 0.8075645 0.07222568 0.8005598 0.07721024 0.8040621 0.01234757 0.8005598 0.07222568 0.8005598 0.07222568 0.8075645 0.2727893 0.9233596 0.27333 0.9172919 0.2788553 0.9198573 0.27333 0.9172919 0.3436875 0.8075645 0.2788553 0.9198573 0.27333 0.9172919 0.3387033 0.8040621 0.3436875 0.8075645 0.3436875 0.8075645 0.3387033 0.8040621 0.3436875 0.8005598 0.4035658 0.8075645 0.3436875 0.8075645 0.3436875 0.8005598 0.4035658 0.8075645 0.3436875 0.8005598 0.4035658 0.8005598 0.3387033 0.8040621 0.2788553 0.6882666 0.3436875 0.8005598 0.3387033 0.8040621 0.27333 0.6908322 0.2788553 0.6882666 0.3087943 0.636411 0.2788553 0.6882666 0.2727893 0.6847643 0.3087943 0.636411 0.2727893 0.6847643 0.3027282 0.6329085 0.4035658 0.8005598 0.3087943 0.636411 0.3083903 0.6371108 0.4035658 0.8005598 0.3083903 0.6371108 0.402758 0.8005598 0.402758 0.8005598 0.4035658 0.8075645 0.4035658 0.8005598 0.402758 0.8005598 0.402758 0.8075645 0.4035658 0.8075645 0.3087942 0.9717134 0.4035658 0.8075645 0.402758 0.8075645 0.3087942 0.9717134 0.402758 0.8075645 0.3083904 0.9710137 0.2038814 0.8029065 0.09180492 0.8029065 0.09180486 0.807066 0.2038814 0.8029065 0.09180486 0.807066 0.2038814 0.807066 0.2038814 0.807066 0.2074836 0.8049862 0.2038814 0.8029065 0.2074836 0.8091455 0.2074836 0.8049862 0.2038814 0.807066 0.2110859 0.807066 0.2074836 0.8049862 0.2074836 0.8091455 0.2074836 0.8091455 0.2671241 0.904127 0.2110859 0.807066 0.2074836 0.8091455 0.263522 0.9062067 0.2671241 0.904127 0.1514453 0.9062067 0.2074836 0.8091455 0.2038814 0.807066 0.1514453 0.9062067 0.2038814 0.807066 0.1478432 0.904127 0.3231623 0.8029065 0.2110859 0.807066 0.3231623 0.8070658 0.3231623 0.8029065 0.2110859 0.8029065 0.2110859 0.807066 0.2110859 0.8029065 0.2074836 0.8049862 0.2110859 0.807066 0.2074836 0.8008268 0.2074836 0.8049862 0.2110859 0.8029065 0.2110859 0.8029065 0.2635219 0.7037655 0.2074836 0.8008268 0.2110859 0.8029065 0.2671241 0.7058452 0.2635219 0.7037655 0.1478431 0.7058449 0.2074836 0.8008268 0.1514453 0.7037655 0.1478431 0.7058449 0.2038814 0.8029065 0.2074836 0.8008268 0.2038814 0.8029065 0.2074836 0.8049862 0.2074836 0.8008268 0.4547463 0.401184 0.2288589 0.5316004 0.2288588 0.270768 0.4547463 0.401184 0.2288588 0.270768 0.4547463 0.1403517 0.2288589 0.5316004 0.002971351 0.4011841 0.2288588 0.270768 0.2288588 0.270768 0.2288588 0.009935617 0.4547463 0.1403517 0.002971351 0.4011841 0.002971351 0.1403518 0.2288588 0.270768 0.2288588 0.270768 0.002971351 0.1403518 0.2288588 0.009935617 0.9938635 0.5612013 0.4615455 0.3135115 0.9931461 0.06724447 0.9938635 0.5612013 0.4615455 0.3135115 0.9931461 0.06724447 0.9938635 0.5612013 0.4615455 0.3135115 0.9931461 0.06724447 0.9938635 0.5612013 0.4615455 0.3135115 0.9931461 0.06724447 0.9938635 0.5612013 0.4615455 0.3135115 0.9931461 0.06724447 0.01234757 0.8005598 0.07222568 0.8075645 0.01234757 0.8075645 0.07721024 0.8040621 0.1370581 0.9198576 0.07222568 0.8075645 0.07721024 0.8040621 0.1425836 0.9172919 0.1370581 0.9198576 0.1370581 0.9198576 0.1425836 0.9172919 0.1431242 0.9233596 0.1071192 0.9717134 0.1370581 0.9198576 0.1431242 0.9233596 0.1071192 0.9717134 0.1431242 0.9233596 0.1131852 0.9752157 0.1425836 0.9172919 0.2727893 0.9233596 0.1431242 0.9233596 0.1425836 0.9172919 0.27333 0.9172919 0.2727893 0.9233596 0.3027284 0.9752157 0.2727893 0.9233596 0.2788553 0.9198573 0.3027284 0.9752157 0.2788553 0.9198573 0.3087942 0.9717134 0.9938635 0.5612013 0.4615455 0.3135115 0.9931461 0.06724447 0.3844101 0.6475694 0.8817753 0.9704832 0.4771041 0.9704832 0.3844101 0.6475694 0.9744693 0.6475694 0.8817753 0.9704832 0.3844101 0.6475694 0.8817753 0.9704832 0.4771041 0.9704832 0.3844101 0.6475694 0.9744693 0.6475694 0.8817753 0.9704832 0.3844101 0.6475694 0.8817753 0.9704832 0.4771041 0.9704832 0.3844101 0.6475694 0.9744693 0.6475694 0.8817753 0.9704832 0.3844101 0.6475694 0.8817753 0.9704832 0.4771041 0.9704832 0.3844101 0.6475694 0.9744693 0.6475694 0.8817753 0.9704832 0.3844101 0.6475694 0.8817753 0.9704832 0.4771041 0.9704832 0.3844101 0.6475694 0.9744693 0.6475694 0.8817753 0.9704832 0.3844101 0.6475694 0.8817753 0.9704832 0.4771041 0.9704832 0.3844101 0.6475694 0.9744693 0.6475694 0.8817753 0.9704832 0.01315551 0.8005598 0.01234757 0.8005598 0.01234757 0.8075645 0.01315551 0.8005598 0.01234757 0.8075645 0.01315551 0.8075645 0.01234757 0.8075645 0.107523 0.9710139 0.01315551 0.8075645 0.01234757 0.8075645 0.1071192 0.9717134 0.107523 0.9710139 0.1135892 0.9745162 0.107523 0.9710139 0.1071192 0.9717134 0.1135892 0.9745162 0.1071192 0.9717134 0.1131852 0.9752157 0.107523 0.6371108 0.1135891 0.6336082 0.1131851 0.6329085 0.107523 0.6371108 0.1131851 0.6329085 0.107119 0.6364111 0.107119 0.6364111 0.01315551 0.8005598 0.107523 0.6371108 0.107119 0.6364111 0.01234757 0.8005598 0.01315551 0.8005598 0.3023242 0.6336082 0.3083903 0.6371108 0.3087943 0.636411 0.3023242 0.6336082 0.3087943 0.636411 0.3027282 0.6329085 0.3027282 0.6329085 0.1135891 0.6336082 0.3023242 0.6336082 0.3027282 0.6329085 0.1131851 0.6329085 0.1135891 0.6336082 0.3083904 0.9710137 0.3027284 0.9752157 0.3087942 0.9717134 0.3083904 0.9710137 0.3023242 0.974516 0.3027284 0.9752157 0.1131852 0.9752157 0.3027284 0.9752157 0.3023242 0.974516 0.1131852 0.9752157 0.3023242 0.974516 0.1135892 0.9745162 0.2788553 0.6882666 0.27333 0.6908322 0.2727893 0.6847643 0.27333 0.6908322 0.1431242 0.6847643 0.2727893 0.6847643 0.27333 0.6908322 0.1425836 0.6908322 0.1431242 0.6847643 0.1431242 0.6847643 0.1425836 0.6908322 0.1370581 0.6882666 0.1131851 0.6329085 0.1431242 0.6847643 0.1370581 0.6882666 0.1131851 0.6329085 0.1370581 0.6882666 0.107119 0.6364111 0.1425836 0.6908322 0.07222568 0.8005598 0.1370581 0.6882666 0.1425836 0.6908322 0.07721024 0.8040621 0.07222568 0.8005598 0.07222568 0.8075645 0.07222568 0.8005598 0.07721024 0.8040621 0.01234757 0.8005598 0.07222568 0.8005598 0.07222568 0.8075645 0.2727893 0.9233596 0.27333 0.9172919 0.2788553 0.9198573 0.27333 0.9172919 0.3436875 0.8075645 0.2788553 0.9198573 0.27333 0.9172919 0.3387033 0.8040621 0.3436875 0.8075645 0.3436875 0.8075645 0.3387033 0.8040621 0.3436875 0.8005598 0.4035658 0.8075645 0.3436875 0.8075645 0.3436875 0.8005598 0.4035658 0.8075645 0.3436875 0.8005598 0.4035658 0.8005598 0.3387033 0.8040621 0.2788553 0.6882666 0.3436875 0.8005598 0.3387033 0.8040621 0.27333 0.6908322 0.2788553 0.6882666 0.3087943 0.636411 0.2788553 0.6882666 0.2727893 0.6847643 0.3087943 0.636411 0.2727893 0.6847643 0.3027282 0.6329085 0.4035658 0.8005598 0.3087943 0.636411 0.3083903 0.6371108 0.4035658 0.8005598 0.3083903 0.6371108 0.402758 0.8005598 0.402758 0.8005598 0.4035658 0.8075645 0.4035658 0.8005598 0.402758 0.8005598 0.402758 0.8075645 0.4035658 0.8075645 0.3087942 0.9717134 0.4035658 0.8075645 0.402758 0.8075645 0.3087942 0.9717134 0.402758 0.8075645 0.3083904 0.9710137 0.2038814 0.8029065 0.09180492 0.8029065 0.09180486 0.807066 0.2038814 0.8029065 0.09180486 0.807066 0.2038814 0.807066 0.2038814 0.807066 0.2074836 0.8049862 0.2038814 0.8029065 0.2074836 0.8091455 0.2074836 0.8049862 0.2038814 0.807066 0.2110859 0.807066 0.2074836 0.8049862 0.2074836 0.8091455 0.2074836 0.8091455 0.2671241 0.904127 0.2110859 0.807066 0.2074836 0.8091455 0.263522 0.9062067 0.2671241 0.904127 0.1514453 0.9062067 0.2074836 0.8091455 0.2038814 0.807066 0.1514453 0.9062067 0.2038814 0.807066 0.1478432 0.904127 0.3231623 0.8029065 0.2110859 0.807066 0.3231623 0.8070658 0.3231623 0.8029065 0.2110859 0.8029065 0.2110859 0.807066 0.2110859 0.8029065 0.2074836 0.8049862 0.2110859 0.807066 0.2074836 0.8008268 0.2074836 0.8049862 0.2110859 0.8029065 0.2110859 0.8029065 0.2635219 0.7037655 0.2074836 0.8008268 0.2110859 0.8029065 0.2671241 0.7058452 0.2635219 0.7037655 0.1478431 0.7058449 0.2074836 0.8008268 0.1514453 0.7037655 0.1478431 0.7058449 0.2038814 0.8029065 0.2074836 0.8008268 0.2038814 0.8029065 0.2074836 0.8049862 0.2074836 0.8008268 0.4547463 0.401184 0.2288589 0.5316004 0.2288588 0.270768 0.4547463 0.401184 0.2288588 0.270768 0.4547463 0.1403517 0.2288589 0.5316004 0.002971351 0.4011841 0.2288588 0.270768 0.2288588 0.270768 0.2288588 0.009935617 0.4547463 0.1403517 0.002971351 0.4011841 0.002971351 0.1403518 0.2288588 0.270768 0.2288588 0.270768 0.002971351 0.1403518 0.2288588 0.009935617 0.9938635 0.5612013 0.4615455 0.3135115 0.9931461 0.06724447 0.9938635 0.5612013 0.4615455 0.3135115 0.9931461 0.06724447 0.9938635 0.5612013 0.4615455 0.3135115 0.9931461 0.06724447 0.9938635 0.5612013 0.4615455 0.3135115 0.9931461 0.06724447 0.9938635 0.5612013 0.4615455 0.3135115 0.9931461 0.06724447 0.01234757 0.8005598 0.07222568 0.8075645 0.01234757 0.8075645 0.07721024 0.8040621 0.1370581 0.9198576 0.07222568 0.8075645 0.07721024 0.8040621 0.1425836 0.9172919 0.1370581 0.9198576 0.1370581 0.9198576 0.1425836 0.9172919 0.1431242 0.9233596 0.1071192 0.9717134 0.1370581 0.9198576 0.1431242 0.9233596 0.1071192 0.9717134 0.1431242 0.9233596 0.1131852 0.9752157 0.1425836 0.9172919 0.2727893 0.9233596 0.1431242 0.9233596 0.1425836 0.9172919 0.27333 0.9172919 0.2727893 0.9233596 0.3027284 0.9752157 0.2727893 0.9233596 0.2788553 0.9198573 0.3027284 0.9752157 0.2788553 0.9198573 0.3087942 0.9717134 0.9938635 0.5612013 0.4615455 0.3135115 0.9931461 0.06724447 0.3844101 0.6475694 0.8817753 0.9704832 0.4771041 0.9704832 0.3844101 0.6475694 0.9744693 0.6475694 0.8817753 0.9704832 0.3844101 0.6475694 0.8817753 0.9704832 0.4771041 0.9704832 0.3844101 0.6475694 0.9744693 0.6475694 0.8817753 0.9704832 0.3844101 0.6475694 0.8817753 0.9704832 0.4771041 0.9704832 0.3844101 0.6475694 0.9744693 0.6475694 0.8817753 0.9704832 0.3844101 0.6475694 0.8817753 0.9704832 0.4771041 0.9704832 0.3844101 0.6475694 0.9744693 0.6475694 0.8817753 0.9704832 0.3844101 0.6475694 0.8817753 0.9704832 0.4771041 0.9704832 0.3844101 0.6475694 0.9744693 0.6475694 0.8817753 0.9704832 0.3844101 0.6475694 0.8817753 0.9704832 0.4771041 0.9704832 0.3844101 0.6475694 0.9744693 0.6475694 0.8817753 0.9704832 0.01315551 0.8005598 0.01234757 0.8005598 0.01234757 0.8075645 0.01315551 0.8005598 0.01234757 0.8075645 0.01315551 0.8075645 0.01234757 0.8075645 0.107523 0.9710139 0.01315551 0.8075645 0.01234757 0.8075645 0.1071192 0.9717134 0.107523 0.9710139 0.1135892 0.9745162 0.107523 0.9710139 0.1071192 0.9717134 0.1135892 0.9745162 0.1071192 0.9717134 0.1131852 0.9752157 0.107523 0.6371108 0.1135891 0.6336082 0.1131851 0.6329085 0.107523 0.6371108 0.1131851 0.6329085 0.107119 0.6364111 0.107119 0.6364111 0.01315551 0.8005598 0.107523 0.6371108 0.107119 0.6364111 0.01234757 0.8005598 0.01315551 0.8005598 0.3023242 0.6336082 0.3083903 0.6371108 0.3087943 0.636411 0.3023242 0.6336082 0.3087943 0.636411 0.3027282 0.6329085 0.3027282 0.6329085 0.1135891 0.6336082 0.3023242 0.6336082 0.3027282 0.6329085 0.1131851 0.6329085 0.1135891 0.6336082 0.3083904 0.9710137 0.3027284 0.9752157 0.3087942 0.9717134 0.3083904 0.9710137 0.3023242 0.974516 0.3027284 0.9752157 0.1131852 0.9752157 0.3027284 0.9752157 0.3023242 0.974516 0.1131852 0.9752157 0.3023242 0.974516 0.1135892 0.9745162 0.2788553 0.6882666 0.27333 0.6908322 0.2727893 0.6847643 0.27333 0.6908322 0.1431242 0.6847643 0.2727893 0.6847643 0.27333 0.6908322 0.1425836 0.6908322 0.1431242 0.6847643 0.1431242 0.6847643 0.1425836 0.6908322 0.1370581 0.6882666 0.1131851 0.6329085 0.1431242 0.6847643 0.1370581 0.6882666 0.1131851 0.6329085 0.1370581 0.6882666 0.107119 0.6364111 0.1425836 0.6908322 0.07222568 0.8005598 0.1370581 0.6882666 0.1425836 0.6908322 0.07721024 0.8040621 0.07222568 0.8005598 0.07222568 0.8075645 0.07222568 0.8005598 0.07721024 0.8040621 0.01234757 0.8005598 0.07222568 0.8005598 0.07222568 0.8075645 0.2727893 0.9233596 0.27333 0.9172919 0.2788553 0.9198573 0.27333 0.9172919 0.3436875 0.8075645 0.2788553 0.9198573 0.27333 0.9172919 0.3387033 0.8040621 0.3436875 0.8075645 0.3436875 0.8075645 0.3387033 0.8040621 0.3436875 0.8005598 0.4035658 0.8075645 0.3436875 0.8075645 0.3436875 0.8005598 0.4035658 0.8075645 0.3436875 0.8005598 0.4035658 0.8005598 0.3387033 0.8040621 0.2788553 0.6882666 0.3436875 0.8005598 0.3387033 0.8040621 0.27333 0.6908322 0.2788553 0.6882666 0.3087943 0.636411 0.2788553 0.6882666 0.2727893 0.6847643 0.3087943 0.636411 0.2727893 0.6847643 0.3027282 0.6329085 0.4035658 0.8005598 0.3087943 0.636411 0.3083903 0.6371108 0.4035658 0.8005598 0.3083903 0.6371108 0.402758 0.8005598 0.402758 0.8005598 0.4035658 0.8075645 0.4035658 0.8005598 0.402758 0.8005598 0.402758 0.8075645 0.4035658 0.8075645 0.3087942 0.9717134 0.4035658 0.8075645 0.402758 0.8075645 0.3087942 0.9717134 0.402758 0.8075645 0.3083904 0.9710137 0.2038814 0.8029065 0.09180492 0.8029065 0.09180486 0.807066 0.2038814 0.8029065 0.09180486 0.807066 0.2038814 0.807066 0.2038814 0.807066 0.2074836 0.8049862 0.2038814 0.8029065 0.2074836 0.8091455 0.2074836 0.8049862 0.2038814 0.807066 0.2110859 0.807066 0.2074836 0.8049862 0.2074836 0.8091455 0.2074836 0.8091455 0.2671241 0.904127 0.2110859 0.807066 0.2074836 0.8091455 0.263522 0.9062067 0.2671241 0.904127 0.1514453 0.9062067 0.2074836 0.8091455 0.2038814 0.807066 0.1514453 0.9062067 0.2038814 0.807066 0.1478432 0.904127 0.3231623 0.8029065 0.2110859 0.807066 0.3231623 0.8070658 0.3231623 0.8029065 0.2110859 0.8029065 0.2110859 0.807066 0.2110859 0.8029065 0.2074836 0.8049862 0.2110859 0.807066 0.2074836 0.8008268 0.2074836 0.8049862 0.2110859 0.8029065 0.2110859 0.8029065 0.2635219 0.7037655 0.2074836 0.8008268 0.2110859 0.8029065 0.2671241 0.7058452 0.2635219 0.7037655 0.1478431 0.7058449 0.2074836 0.8008268 0.1514453 0.7037655 0.1478431 0.7058449 0.2038814 0.8029065 0.2074836 0.8008268 0.2038814 0.8029065 0.2074836 0.8049862 0.2074836 0.8008268 0.4547463 0.401184 0.2288589 0.5316004 0.2288588 0.270768 0.4547463 0.401184 0.2288588 0.270768 0.4547463 0.1403517 0.2288589 0.5316004 0.002971351 0.4011841 0.2288588 0.270768 0.2288588 0.270768 0.2288588 0.009935617 0.4547463 0.1403517 0.002971351 0.4011841 0.002971351 0.1403518 0.2288588 0.270768 0.2288588 0.270768 0.002971351 0.1403518 0.2288588 0.009935617 0.9938635 0.5612013 0.4615455 0.3135115 0.9931461 0.06724447 0.9938635 0.5612013 0.4615455 0.3135115 0.9931461 0.06724447 0.9938635 0.5612013 0.4615455 0.3135115 0.9931461 0.06724447 0.9938635 0.5612013 0.4615455 0.3135115 0.9931461 0.06724447 0.9938635 0.5612013 0.4615455 0.3135115 0.9931461 0.06724447 0.01234757 0.8005598 0.07222568 0.8075645 0.01234757 0.8075645 0.07721024 0.8040621 0.1370581 0.9198576 0.07222568 0.8075645 0.07721024 0.8040621 0.1425836 0.9172919 0.1370581 0.9198576 0.1370581 0.9198576 0.1425836 0.9172919 0.1431242 0.9233596 0.1071192 0.9717134 0.1370581 0.9198576 0.1431242 0.9233596 0.1071192 0.9717134 0.1431242 0.9233596 0.1131852 0.9752157 0.1425836 0.9172919 0.2727893 0.9233596 0.1431242 0.9233596 0.1425836 0.9172919 0.27333 0.9172919 0.2727893 0.9233596 0.3027284 0.9752157 0.2727893 0.9233596 0.2788553 0.9198573 0.3027284 0.9752157 0.2788553 0.9198573 0.3087942 0.9717134 0.9938635 0.5612013 0.4615455 0.3135115 0.9931461 0.06724447 0.3844101 0.6475694 0.8817753 0.9704832 0.4771041 0.9704832 0.3844101 0.6475694 0.9744693 0.6475694 0.8817753 0.9704832 0.3844101 0.6475694 0.8817753 0.9704832 0.4771041 0.9704832 0.3844101 0.6475694 0.9744693 0.6475694 0.8817753 0.9704832 0.3844101 0.6475694 0.8817753 0.9704832 0.4771041 0.9704832 0.3844101 0.6475694 0.9744693 0.6475694 0.8817753 0.9704832 0.3844101 0.6475694 0.8817753 0.9704832 0.4771041 0.9704832 0.3844101 0.6475694 0.9744693 0.6475694 0.8817753 0.9704832 0.3844101 0.6475694 0.8817753 0.9704832 0.4771041 0.9704832 0.3844101 0.6475694 0.9744693 0.6475694 0.8817753 0.9704832 0.3844101 0.6475694 0.8817753 0.9704832 0.4771041 0.9704832 0.3844101 0.6475694 0.9744693 0.6475694 0.8817753 0.9704832 0.01315551 0.8005598 0.01234757 0.8005598 0.01234757 0.8075645 0.01315551 0.8005598 0.01234757 0.8075645 0.01315551 0.8075645 0.01234757 0.8075645 0.107523 0.9710139 0.01315551 0.8075645 0.01234757 0.8075645 0.1071192 0.9717134 0.107523 0.9710139 0.1135892 0.9745162 0.107523 0.9710139 0.1071192 0.9717134 0.1135892 0.9745162 0.1071192 0.9717134 0.1131852 0.9752157 0.107523 0.6371108 0.1135891 0.6336082 0.1131851 0.6329085 0.107523 0.6371108 0.1131851 0.6329085 0.107119 0.6364111 0.107119 0.6364111 0.01315551 0.8005598 0.107523 0.6371108 0.107119 0.6364111 0.01234757 0.8005598 0.01315551 0.8005598 0.3023242 0.6336082 0.3083903 0.6371108 0.3087943 0.636411 0.3023242 0.6336082 0.3087943 0.636411 0.3027282 0.6329085 0.3027282 0.6329085 0.1135891 0.6336082 0.3023242 0.6336082 0.3027282 0.6329085 0.1131851 0.6329085 0.1135891 0.6336082 0.3083904 0.9710137 0.3027284 0.9752157 0.3087942 0.9717134 0.3083904 0.9710137 0.3023242 0.974516 0.3027284 0.9752157 0.1131852 0.9752157 0.3027284 0.9752157 0.3023242 0.974516 0.1131852 0.9752157 0.3023242 0.974516 0.1135892 0.9745162 0.2788553 0.6882666 0.27333 0.6908322 0.2727893 0.6847643 0.27333 0.6908322 0.1431242 0.6847643 0.2727893 0.6847643 0.27333 0.6908322 0.1425836 0.6908322 0.1431242 0.6847643 0.1431242 0.6847643 0.1425836 0.6908322 0.1370581 0.6882666 0.1131851 0.6329085 0.1431242 0.6847643 0.1370581 0.6882666 0.1131851 0.6329085 0.1370581 0.6882666 0.107119 0.6364111 0.1425836 0.6908322 0.07222568 0.8005598 0.1370581 0.6882666 0.1425836 0.6908322 0.07721024 0.8040621 0.07222568 0.8005598 0.07222568 0.8075645 0.07222568 0.8005598 0.07721024 0.8040621 0.01234757 0.8005598 0.07222568 0.8005598 0.07222568 0.8075645 0.2727893 0.9233596 0.27333 0.9172919 0.2788553 0.9198573 0.27333 0.9172919 0.3436875 0.8075645 0.2788553 0.9198573 0.27333 0.9172919 0.3387033 0.8040621 0.3436875 0.8075645 0.3436875 0.8075645 0.3387033 0.8040621 0.3436875 0.8005598 0.4035658 0.8075645 0.3436875 0.8075645 0.3436875 0.8005598 0.4035658 0.8075645 0.3436875 0.8005598 0.4035658 0.8005598 0.3387033 0.8040621 0.2788553 0.6882666 0.3436875 0.8005598 0.3387033 0.8040621 0.27333 0.6908322 0.2788553 0.6882666 0.3087943 0.636411 0.2788553 0.6882666 0.2727893 0.6847643 0.3087943 0.636411 0.2727893 0.6847643 0.3027282 0.6329085 0.4035658 0.8005598 0.3087943 0.636411 0.3083903 0.6371108 0.4035658 0.8005598 0.3083903 0.6371108 0.402758 0.8005598 0.402758 0.8005598 0.4035658 0.8075645 0.4035658 0.8005598 0.402758 0.8005598 0.402758 0.8075645 0.4035658 0.8075645 0.3087942 0.9717134 0.4035658 0.8075645 0.402758 0.8075645 0.3087942 0.9717134 0.402758 0.8075645 0.3083904 0.9710137 0.2038814 0.8029065 0.09180492 0.8029065 0.09180486 0.807066 0.2038814 0.8029065 0.09180486 0.807066 0.2038814 0.807066 0.2038814 0.807066 0.2074836 0.8049862 0.2038814 0.8029065 0.2074836 0.8091455 0.2074836 0.8049862 0.2038814 0.807066 0.2110859 0.807066 0.2074836 0.8049862 0.2074836 0.8091455 0.2074836 0.8091455 0.2671241 0.904127 0.2110859 0.807066 0.2074836 0.8091455 0.263522 0.9062067 0.2671241 0.904127 0.1514453 0.9062067 0.2074836 0.8091455 0.2038814 0.807066 0.1514453 0.9062067 0.2038814 0.807066 0.1478432 0.904127 0.3231623 0.8029065 0.2110859 0.807066 0.3231623 0.8070658 0.3231623 0.8029065 0.2110859 0.8029065 0.2110859 0.807066 0.2110859 0.8029065 0.2074836 0.8049862 0.2110859 0.807066 0.2074836 0.8008268 0.2074836 0.8049862 0.2110859 0.8029065 0.2110859 0.8029065 0.2635219 0.7037655 0.2074836 0.8008268 0.2110859 0.8029065 0.2671241 0.7058452 0.2635219 0.7037655 0.1478431 0.7058449 0.2074836 0.8008268 0.1514453 0.7037655 0.1478431 0.7058449 0.2038814 0.8029065 0.2074836 0.8008268 0.2038814 0.8029065 0.2074836 0.8049862 0.2074836 0.8008268 0.4547463 0.401184 0.2288589 0.5316004 0.2288588 0.270768 0.4547463 0.401184 0.2288588 0.270768 0.4547463 0.1403517 0.2288589 0.5316004 0.002971351 0.4011841 0.2288588 0.270768 0.2288588 0.270768 0.2288588 0.009935617 0.4547463 0.1403517 0.002971351 0.4011841 0.002971351 0.1403518 0.2288588 0.270768 0.2288588 0.270768 0.002971351 0.1403518 0.2288588 0.009935617 0.9938635 0.5612013 0.4615455 0.3135115 0.9931461 0.06724447 0.9938635 0.5612013 0.4615455 0.3135115 0.9931461 0.06724447 0.9938635 0.5612013 0.4615455 0.3135115 0.9931461 0.06724447 0.9938635 0.5612013 0.4615455 0.3135115 0.9931461 0.06724447 0.9938635 0.5612013 0.4615455 0.3135115 0.9931461 0.06724447 0.01234757 0.8005598 0.07222568 0.8075645 0.01234757 0.8075645 0.07721024 0.8040621 0.1370581 0.9198576 0.07222568 0.8075645 0.07721024 0.8040621 0.1425836 0.9172919 0.1370581 0.9198576 0.1370581 0.9198576 0.1425836 0.9172919 0.1431242 0.9233596 0.1071192 0.9717134 0.1370581 0.9198576 0.1431242 0.9233596 0.1071192 0.9717134 0.1431242 0.9233596 0.1131852 0.9752157 0.1425836 0.9172919 0.2727893 0.9233596 0.1431242 0.9233596 0.1425836 0.9172919 0.27333 0.9172919 0.2727893 0.9233596 0.3027284 0.9752157 0.2727893 0.9233596 0.2788553 0.9198573 0.3027284 0.9752157 0.2788553 0.9198573 0.3087942 0.9717134 0.9938635 0.5612013 0.4615455 0.3135115 0.9931461 0.06724447 0.3844101 0.6475694 0.8817753 0.9704832 0.4771041 0.9704832 0.3844101 0.6475694 0.9744693 0.6475694 0.8817753 0.9704832 0.3844101 0.6475694 0.8817753 0.9704832 0.4771041 0.9704832 0.3844101 0.6475694 0.9744693 0.6475694 0.8817753 0.9704832 0.3844101 0.6475694 0.8817753 0.9704832 0.4771041 0.9704832 0.3844101 0.6475694 0.9744693 0.6475694 0.8817753 0.9704832 0.3844101 0.6475694 0.8817753 0.9704832 0.4771041 0.9704832 0.3844101 0.6475694 0.9744693 0.6475694 0.8817753 0.9704832 0.3844101 0.6475694 0.8817753 0.9704832 0.4771041 0.9704832 0.3844101 0.6475694 0.9744693 0.6475694 0.8817753 0.9704832 0.3844101 0.6475694 0.8817753 0.9704832 0.4771041 0.9704832 0.3844101 0.6475694 0.9744693 0.6475694 0.8817753 0.9704832 0.01315551 0.8005598 0.01234757 0.8005598 0.01234757 0.8075645 0.01315551 0.8005598 0.01234757 0.8075645 0.01315551 0.8075645 0.01234757 0.8075645 0.107523 0.9710139 0.01315551 0.8075645 0.01234757 0.8075645 0.1071192 0.9717134 0.107523 0.9710139 0.1135892 0.9745162 0.107523 0.9710139 0.1071192 0.9717134 0.1135892 0.9745162 0.1071192 0.9717134 0.1131852 0.9752157 0.107523 0.6371108 0.1135891 0.6336082 0.1131851 0.6329085 0.107523 0.6371108 0.1131851 0.6329085 0.107119 0.6364111 0.107119 0.6364111 0.01315551 0.8005598 0.107523 0.6371108 0.107119 0.6364111 0.01234757 0.8005598 0.01315551 0.8005598 0.3023242 0.6336082 0.3083903 0.6371108 0.3087943 0.636411 0.3023242 0.6336082 0.3087943 0.636411 0.3027282 0.6329085 0.3027282 0.6329085 0.1135891 0.6336082 0.3023242 0.6336082 0.3027282 0.6329085 0.1131851 0.6329085 0.1135891 0.6336082 0.3083904 0.9710137 0.3027284 0.9752157 0.3087942 0.9717134 0.3083904 0.9710137 0.3023242 0.974516 0.3027284 0.9752157 0.1131852 0.9752157 0.3027284 0.9752157 0.3023242 0.974516 0.1131852 0.9752157 0.3023242 0.974516 0.1135892 0.9745162 0.2788553 0.6882666 0.27333 0.6908322 0.2727893 0.6847643 0.27333 0.6908322 0.1431242 0.6847643 0.2727893 0.6847643 0.27333 0.6908322 0.1425836 0.6908322 0.1431242 0.6847643 0.1431242 0.6847643 0.1425836 0.6908322 0.1370581 0.6882666 0.1131851 0.6329085 0.1431242 0.6847643 0.1370581 0.6882666 0.1131851 0.6329085 0.1370581 0.6882666 0.107119 0.6364111 0.1425836 0.6908322 0.07222568 0.8005598 0.1370581 0.6882666 0.1425836 0.6908322 0.07721024 0.8040621 0.07222568 0.8005598 0.07222568 0.8075645 0.07222568 0.8005598 0.07721024 0.8040621 0.01234757 0.8005598 0.07222568 0.8005598 0.07222568 0.8075645 0.2727893 0.9233596 0.27333 0.9172919 0.2788553 0.9198573 0.27333 0.9172919 0.3436875 0.8075645 0.2788553 0.9198573 0.27333 0.9172919 0.3387033 0.8040621 0.3436875 0.8075645 0.3436875 0.8075645 0.3387033 0.8040621 0.3436875 0.8005598 0.4035658 0.8075645 0.3436875 0.8075645 0.3436875 0.8005598 0.4035658 0.8075645 0.3436875 0.8005598 0.4035658 0.8005598 0.3387033 0.8040621 0.2788553 0.6882666 0.3436875 0.8005598 0.3387033 0.8040621 0.27333 0.6908322 0.2788553 0.6882666 0.3087943 0.636411 0.2788553 0.6882666 0.2727893 0.6847643 0.3087943 0.636411 0.2727893 0.6847643 0.3027282 0.6329085 0.4035658 0.8005598 0.3087943 0.636411 0.3083903 0.6371108 0.4035658 0.8005598 0.3083903 0.6371108 0.402758 0.8005598 0.402758 0.8005598 0.4035658 0.8075645 0.4035658 0.8005598 0.402758 0.8005598 0.402758 0.8075645 0.4035658 0.8075645 0.3087942 0.9717134 0.4035658 0.8075645 0.402758 0.8075645 0.3087942 0.9717134 0.402758 0.8075645 0.3083904 0.9710137 0.2038814 0.8029065 0.09180492 0.8029065 0.09180486 0.807066 0.2038814 0.8029065 0.09180486 0.807066 0.2038814 0.807066 0.2038814 0.807066 0.2074836 0.8049862 0.2038814 0.8029065 0.2074836 0.8091455 0.2074836 0.8049862 0.2038814 0.807066 0.2110859 0.807066 0.2074836 0.8049862 0.2074836 0.8091455 0.2074836 0.8091455 0.2671241 0.904127 0.2110859 0.807066 0.2074836 0.8091455 0.263522 0.9062067 0.2671241 0.904127 0.1514453 0.9062067 0.2074836 0.8091455 0.2038814 0.807066 0.1514453 0.9062067 0.2038814 0.807066 0.1478432 0.904127 0.3231623 0.8029065 0.2110859 0.807066 0.3231623 0.8070658 0.3231623 0.8029065 0.2110859 0.8029065 0.2110859 0.807066 0.2110859 0.8029065 0.2074836 0.8049862 0.2110859 0.807066 0.2074836 0.8008268 0.2074836 0.8049862 0.2110859 0.8029065 0.2110859 0.8029065 0.2635219 0.7037655 0.2074836 0.8008268 0.2110859 0.8029065 0.2671241 0.7058452 0.2635219 0.7037655 0.1478431 0.7058449 0.2074836 0.8008268 0.1514453 0.7037655 0.1478431 0.7058449 0.2038814 0.8029065 0.2074836 0.8008268 0.2038814 0.8029065 0.2074836 0.8049862 0.2074836 0.8008268 0.4547463 0.401184 0.2288589 0.5316004 0.2288588 0.270768 0.4547463 0.401184 0.2288588 0.270768 0.4547463 0.1403517 0.2288589 0.5316004 0.002971351 0.4011841 0.2288588 0.270768 0.2288588 0.270768 0.2288588 0.009935617 0.4547463 0.1403517 0.002971351 0.4011841 0.002971351 0.1403518 0.2288588 0.270768 0.2288588 0.270768 0.002971351 0.1403518 0.2288588 0.009935617 0.9938635 0.5612013 0.4615455 0.3135115 0.9931461 0.06724447 0.9938635 0.5612013 0.4615455 0.3135115 0.9931461 0.06724447 0.9938635 0.5612013 0.4615455 0.3135115 0.9931461 0.06724447 0.9938635 0.5612013 0.4615455 0.3135115 0.9931461 0.06724447 0.9938635 0.5612013 0.4615455 0.3135115 0.9931461 0.06724447 0.01234757 0.8005598 0.07222568 0.8075645 0.01234757 0.8075645 0.07721024 0.8040621 0.1370581 0.9198576 0.07222568 0.8075645 0.07721024 0.8040621 0.1425836 0.9172919 0.1370581 0.9198576 0.1370581 0.9198576 0.1425836 0.9172919 0.1431242 0.9233596 0.1071192 0.9717134 0.1370581 0.9198576 0.1431242 0.9233596 0.1071192 0.9717134 0.1431242 0.9233596 0.1131852 0.9752157 0.1425836 0.9172919 0.2727893 0.9233596 0.1431242 0.9233596 0.1425836 0.9172919 0.27333 0.9172919 0.2727893 0.9233596 0.3027284 0.9752157 0.2727893 0.9233596 0.2788553 0.9198573 0.3027284 0.9752157 0.2788553 0.9198573 0.3087942 0.9717134 0.9938635 0.5612013 0.4615455 0.3135115 0.9931461 0.06724447 0.3844101 0.6475694 0.8817753 0.9704832 0.4771041 0.9704832 0.3844101 0.6475694 0.9744693 0.6475694 0.8817753 0.9704832 0.3844101 0.6475694 0.8817753 0.9704832 0.4771041 0.9704832 0.3844101 0.6475694 0.9744693 0.6475694 0.8817753 0.9704832 0.3844101 0.6475694 0.8817753 0.9704832 0.4771041 0.9704832 0.3844101 0.6475694 0.9744693 0.6475694 0.8817753 0.9704832 0.3844101 0.6475694 0.8817753 0.9704832 0.4771041 0.9704832 0.3844101 0.6475694 0.9744693 0.6475694 0.8817753 0.9704832 0.3844101 0.6475694 0.8817753 0.9704832 0.4771041 0.9704832 0.3844101 0.6475694 0.9744693 0.6475694 0.8817753 0.9704832 0.3844101 0.6475694 0.8817753 0.9704832 0.4771041 0.9704832 0.3844101 0.6475694 0.9744693 0.6475694 0.8817753 0.9704832 0.01315551 0.8005598 0.01234757 0.8005598 0.01234757 0.8075645 0.01315551 0.8005598 0.01234757 0.8075645 0.01315551 0.8075645 0.01234757 0.8075645 0.107523 0.9710139 0.01315551 0.8075645 0.01234757 0.8075645 0.1071192 0.9717134 0.107523 0.9710139 0.1135892 0.9745162 0.107523 0.9710139 0.1071192 0.9717134 0.1135892 0.9745162 0.1071192 0.9717134 0.1131852 0.9752157 0.107523 0.6371108 0.1135891 0.6336082 0.1131851 0.6329085 0.107523 0.6371108 0.1131851 0.6329085 0.107119 0.6364111 0.107119 0.6364111 0.01315551 0.8005598 0.107523 0.6371108 0.107119 0.6364111 0.01234757 0.8005598 0.01315551 0.8005598 0.3023242 0.6336082 0.3083903 0.6371108 0.3087943 0.636411 0.3023242 0.6336082 0.3087943 0.636411 0.3027282 0.6329085 0.3027282 0.6329085 0.1135891 0.6336082 0.3023242 0.6336082 0.3027282 0.6329085 0.1131851 0.6329085 0.1135891 0.6336082 0.3083904 0.9710137 0.3027284 0.9752157 0.3087942 0.9717134 0.3083904 0.9710137 0.3023242 0.974516 0.3027284 0.9752157 0.1131852 0.9752157 0.3027284 0.9752157 0.3023242 0.974516 0.1131852 0.9752157 0.3023242 0.974516 0.1135892 0.9745162 0.2788553 0.6882666 0.27333 0.6908322 0.2727893 0.6847643 0.27333 0.6908322 0.1431242 0.6847643 0.2727893 0.6847643 0.27333 0.6908322 0.1425836 0.6908322 0.1431242 0.6847643 0.1431242 0.6847643 0.1425836 0.6908322 0.1370581 0.6882666 0.1131851 0.6329085 0.1431242 0.6847643 0.1370581 0.6882666 0.1131851 0.6329085 0.1370581 0.6882666 0.107119 0.6364111 0.1425836 0.6908322 0.07222568 0.8005598 0.1370581 0.6882666 0.1425836 0.6908322 0.07721024 0.8040621 0.07222568 0.8005598 0.07222568 0.8075645 0.07222568 0.8005598 0.07721024 0.8040621 0.01234757 0.8005598 0.07222568 0.8005598 0.07222568 0.8075645 0.2727893 0.9233596 0.27333 0.9172919 0.2788553 0.9198573 0.27333 0.9172919 0.3436875 0.8075645 0.2788553 0.9198573 0.27333 0.9172919 0.3387033 0.8040621 0.3436875 0.8075645 0.3436875 0.8075645 0.3387033 0.8040621 0.3436875 0.8005598 0.4035658 0.8075645 0.3436875 0.8075645 0.3436875 0.8005598 0.4035658 0.8075645 0.3436875 0.8005598 0.4035658 0.8005598 0.3387033 0.8040621 0.2788553 0.6882666 0.3436875 0.8005598 0.3387033 0.8040621 0.27333 0.6908322 0.2788553 0.6882666 0.3087943 0.636411 0.2788553 0.6882666 0.2727893 0.6847643 0.3087943 0.636411 0.2727893 0.6847643 0.3027282 0.6329085 0.4035658 0.8005598 0.3087943 0.636411 0.3083903 0.6371108 0.4035658 0.8005598 0.3083903 0.6371108 0.402758 0.8005598 0.402758 0.8005598 0.4035658 0.8075645 0.4035658 0.8005598 0.402758 0.8005598 0.402758 0.8075645 0.4035658 0.8075645 0.3087942 0.9717134 0.4035658 0.8075645 0.402758 0.8075645 0.3087942 0.9717134 0.402758 0.8075645 0.3083904 0.9710137 0.2038814 0.8029065 0.09180492 0.8029065 0.09180486 0.807066 0.2038814 0.8029065 0.09180486 0.807066 0.2038814 0.807066 0.2038814 0.807066 0.2074836 0.8049862 0.2038814 0.8029065 0.2074836 0.8091455 0.2074836 0.8049862 0.2038814 0.807066 0.2110859 0.807066 0.2074836 0.8049862 0.2074836 0.8091455 0.2074836 0.8091455 0.2671241 0.904127 0.2110859 0.807066 0.2074836 0.8091455 0.263522 0.9062067 0.2671241 0.904127 0.1514453 0.9062067 0.2074836 0.8091455 0.2038814 0.807066 0.1514453 0.9062067 0.2038814 0.807066 0.1478432 0.904127 0.3231623 0.8029065 0.2110859 0.807066 0.3231623 0.8070658 0.3231623 0.8029065 0.2110859 0.8029065 0.2110859 0.807066 0.2110859 0.8029065 0.2074836 0.8049862 0.2110859 0.807066 0.2074836 0.8008268 0.2074836 0.8049862 0.2110859 0.8029065 0.2110859 0.8029065 0.2635219 0.7037655 0.2074836 0.8008268 0.2110859 0.8029065 0.2671241 0.7058452 0.2635219 0.7037655 0.1478431 0.7058449 0.2074836 0.8008268 0.1514453 0.7037655 0.1478431 0.7058449 0.2038814 0.8029065 0.2074836 0.8008268 0.2038814 0.8029065 0.2074836 0.8049862 0.2074836 0.8008268 0.4547463 0.401184 0.2288589 0.5316004 0.2288588 0.270768 0.4547463 0.401184 0.2288588 0.270768 0.4547463 0.1403517 0.2288589 0.5316004 0.002971351 0.4011841 0.2288588 0.270768 0.2288588 0.270768 0.2288588 0.009935617 0.4547463 0.1403517 0.002971351 0.4011841 0.002971351 0.1403518 0.2288588 0.270768 0.2288588 0.270768 0.002971351 0.1403518 0.2288588 0.009935617</float_array>
          <technique_common>
            <accessor source="#obj_chaosemerald_01a_006-mesh-map-0-array" count="2016" stride="2">
              <param name="S" type="float"/>
              <param name="T" type="float"/>
            </accessor>
          </technique_common>
        </source>
        <vertices id="obj_chaosemerald_01a_006-mesh-vertices">
          <input semantic="POSITION" source="#obj_chaosemerald_01a_006-mesh-positions"/>
        </vertices>
        <triangles material="M_ChaosEmerald07-material" count="96">
          <input semantic="VERTEX" source="#obj_chaosemerald_01a_006-mesh-vertices" offset="0"/>
          <input semantic="NORMAL" source="#obj_chaosemerald_01a_006-mesh-normals" offset="1"/>
          <input semantic="TEXCOORD" source="#obj_chaosemerald_01a_006-mesh-map-0" offset="2" set="0"/>
          <p>2 0 0 1 1 1 0 2 2 5 3 3 4 4 4 3 5 5 8 6 6 7 7 7 6 8 8 11 9 9 10 10 10 9 11 11 14 12 12 13 13 13 12 14 14 17 15 15 16 16 16 15 17 17 19 18 18 18 19 19 16 20 20 19 18 21 20 21 22 18 19 23 18 19 24 20 21 25 21 22 26 22 23 27 18 19 28 21 22 29 22 23 30 21 22 31 23 24 32 20 21 33 24 25 34 21 22 35 20 21 36 25 26 37 24 25 38 27 27 39 24 28 40 26 29 41 27 27 42 26 29 43 28 30 44 31 31 45 30 32 46 29 33 47 34 34 48 33 35 49 32 36 50 34 34 51 35 37 52 33 35 53 38 38 54 37 39 55 36 40 56 38 38 57 39 41 58 37 39 59 42 42 60 41 43 61 40 44 62 42 42 63 43 45 64 41 43 65 46 46 66 45 47 67 44 48 68 46 46 69 47 49 70 45 47 71 50 50 72 49 51 73 48 52 74 50 50 75 51 53 76 49 51 77 54 54 78 53 55 79 52 56 80 54 54 81 55 57 82 53 55 83 58 58 84 57 59 85 56 60 86 58 58 87 56 60 88 59 61 89 56 60 90 60 62 91 59 61 92 56 60 93 61 63 94 60 62 95 62 64 96 60 62 97 61 63 98 62 64 99 61 63 100 63 65 101 66 66 102 65 67 103 64 68 104 66 66 105 64 68 106 67 69 107 67 69 108 68 70 109 66 66 110 67 69 111 69 71 112 68 70 113 72 72 114 71 73 115 70 74 116 72 72 117 70 74 118 73 75 119 73 75 120 74 76 121 72 72 122 73 75 123 75 77 124 74 76 125 78 78 126 77 79 127 76 80 128 78 78 129 79 81 130 77 79 131 80 82 132 77 79 133 79 81 134 80 82 135 79 81 136 81 83 137 84 84 138 83 85 139 82 86 140 83 85 141 85 87 142 82 86 143 83 85 144 86 88 145 85 87 146 85 87 147 86 88 148 87 89 149 88 90 150 85 87 151 87 89 152 88 90 153 87 89 154 89 91 155 86 88 156 90 92 157 87 89 158 86 88 159 91 93 160 90 92 161 92 94 162 90 92 163 91 93 164 93 95 165 90 92 166 92 94 167 96 96 168 95 97 169 94 98 170 95 97 171 97 99 172 94 98 173 95 97 174 98 100 175 97 99 176 97 99 177 98 100 178 99 101 179 100 102 180 97 99 181 99 101 182 100 102 183 99 101 184 101 103 185 98 100 186 102 104 187 99 101 188 98 100 189 103 105 190 102 104 191 105 106 192 102 107 193 104 108 194 105 106 195 104 108 196 106 109 197 109 110 198 108 111 199 107 112 200 109 110 201 107 112 202 110 113 203 110 113 204 111 114 205 109 110 206 110 113 207 112 115 208 111 114 209 113 116 210 111 114 211 112 115 212 113 116 213 112 115 214 114 117 215 117 118 216 116 119 217 115 120 218 117 118 219 115 120 220 118 121 221 118 121 222 119 122 223 117 118 224 120 123 225 119 122 226 118 121 227 121 124 228 119 122 229 120 123 230 120 123 231 122 125 232 121 124 233 120 123 234 123 126 235 122 125 236 124 127 237 120 123 238 118 121 239 124 127 240 118 121 241 125 128 242 128 129 243 127 130 244 126 131 245 128 129 246 129 132 247 127 130 248 129 132 249 130 133 250 127 130 251 131 134 252 130 133 253 129 132 254 129 132 255 132 135 256 131 134 257 129 132 258 133 136 259 132 135 260 136 137 261 135 138 262 134 139 263 136 137 264 137 140 265 135 138 266 137 140 267 138 141 268 135 138 269 141 142 270 140 143 271 139 144 272 141 142 273 139 144 274 142 145 275 140 143 276 143 146 277 139 144 278 139 144 279 144 147 280 142 145 281 143 146 282 145 148 283 139 144 284 139 144 285 145 148 286 144 147 287</p>
        </triangles>
        <triangles material="M_ChaosEmerald01-material" count="96">
          <input semantic="VERTEX" source="#obj_chaosemerald_01a_006-mesh-vertices" offset="0"/>
          <input semantic="NORMAL" source="#obj_chaosemerald_01a_006-mesh-normals" offset="1"/>
          <input semantic="TEXCOORD" source="#obj_chaosemerald_01a_006-mesh-map-0" offset="2" set="0"/>
          <p>148 149 288 147 150 289 146 151 290 151 152 291 150 153 292 149 154 293 154 155 294 153 156 295 152 157 296 157 158 297 156 159 298 155 160 299 160 12 300 159 13 301 158 14 302 163 161 303 162 162 304 161 163 305 165 164 306 164 165 307 162 166 308 165 164 309 166 167 310 164 165 311 164 165 312 166 167 313 167 168 314 168 169 315 164 165 316 167 168 317 168 169 318 167 168 319 169 170 320 166 167 321 170 171 322 167 168 323 166 167 324 171 172 325 170 171 326 173 173 327 170 174 328 172 175 329 173 173 330 172 175 331 174 176 332 177 177 333 176 178 334 175 179 335 180 180 336 179 181 337 178 182 338 180 180 339 181 183 340 179 181 341 184 184 342 183 185 343 182 186 344 184 184 345 185 187 346 183 185 347 188 188 348 187 189 349 186 190 350 188 188 351 189 191 352 187 189 353 192 192 354 191 193 355 190 194 356 192 192 357 193 195 358 191 193 359 196 196 360 195 197 361 194 198 362 196 196 363 197 199 364 195 197 365 200 200 366 199 201 367 198 202 368 200 200 369 201 203 370 199 201 371 204 204 372 203 205 373 202 206 374 204 204 375 202 206 376 205 207 377 202 206 378 206 208 379 205 207 380 202 206 381 207 209 382 206 208 383 208 210 384 206 208 385 207 209 386 208 210 387 207 209 388 209 211 389 212 212 390 211 213 391 210 214 392 212 212 393 210 214 394 213 215 395 213 215 396 214 216 397 212 212 398 213 215 399 215 217 400 214 216 401 218 218 402 217 219 403 216 220 404 218 218 405 216 220 406 219 221 407 219 221 408 220 222 409 218 218 410 219 221 411 221 223 412 220 222 413 224 224 414 223 225 415 222 226 416 224 224 417 225 227 418 223 225 419 226 228 420 223 225 421 225 227 422 226 228 423 225 227 424 227 229 425 230 230 426 229 231 427 228 232 428 229 231 429 231 233 430 228 232 431 229 231 432 232 234 433 231 233 434 231 233 435 232 234 436 233 235 437 234 236 438 231 233 439 233 235 440 234 236 441 233 235 442 235 237 443 232 234 444 236 238 445 233 235 446 232 234 447 237 239 448 236 238 449 238 240 450 236 238 451 237 239 452 239 241 453 236 238 454 238 240 455 242 242 456 241 243 457 240 244 458 241 243 459 243 245 460 240 244 461 241 243 462 244 246 463 243 245 464 243 245 465 244 246 466 245 247 467 246 248 468 243 245 469 245 247 470 246 248 471 245 247 472 247 249 473 244 246 474 248 250 475 245 247 476 244 246 477 249 251 478 248 250 479 251 252 480 248 253 481 250 254 482 251 252 483 250 254 484 252 255 485 255 256 486 254 257 487 253 258 488 255 256 489 253 258 490 256 259 491 256 259 492 257 260 493 255 256 494 256 259 495 258 261 496 257 260 497 259 262 498 257 260 499 258 261 500 259 262 501 258 261 502 260 263 503 263 264 504 262 265 505 261 266 506 263 264 507 261 266 508 264 267 509 264 267 510 265 268 511 263 264 512 266 269 513 265 268 514 264 267 515 267 270 516 265 268 517 266 269 518 266 269 519 268 271 520 267 270 521 266 269 522 269 272 523 268 271 524 270 273 525 266 269 526 264 267 527 270 273 528 264 267 529 271 274 530 274 275 531 273 276 532 272 277 533 274 275 534 275 278 535 273 276 536 275 278 537 276 279 538 273 276 539 277 280 540 276 279 541 275 278 542 275 278 543 278 281 544 277 280 545 275 278 546 279 282 547 278 281 548 282 283 549 281 284 550 280 285 551 282 283 552 283 286 553 281 284 554 283 286 555 284 287 556 281 284 557 287 288 558 286 289 559 285 290 560 287 288 561 285 290 562 288 291 563 286 289 564 289 292 565 285 290 566 285 290 567 290 293 568 288 291 569 289 292 570 291 294 571 285 290 572 285 290 573 291 294 574 290 293 575</p>
        </triangles>
        <triangles material="M_ChaosEmerald02-material" count="96">
          <input semantic="VERTEX" source="#obj_chaosemerald_01a_006-mesh-vertices" offset="0"/>
          <input semantic="NORMAL" source="#obj_chaosemerald_01a_006-mesh-normals" offset="1"/>
          <input semantic="TEXCOORD" source="#obj_chaosemerald_01a_006-mesh-map-0" offset="2" set="0"/>
          <p>294 295 576 293 296 577 292 297 578 297 298 579 296 299 580 295 300 581 300 301 582 299 302 583 298 303 584 303 304 585 302 305 586 301 306 587 306 307 588 305 308 589 304 309 590 309 310 591 308 311 592 307 312 593 311 313 594 310 314 595 308 315 596 311 313 597 312 316 598 310 314 599 310 314 600 312 316 601 313 317 602 314 318 603 310 314 604 313 317 605 314 318 606 313 317 607 315 319 608 312 316 609 316 320 610 313 317 611 312 316 612 317 321 613 316 320 614 319 322 615 316 323 616 318 324 617 319 322 618 318 324 619 320 325 620 323 326 621 322 327 622 321 328 623 326 329 624 325 330 625 324 331 626 326 329 627 327 332 628 325 330 629 330 333 630 329 334 631 328 335 632 330 333 633 331 336 634 329 334 635 334 337 636 333 338 637 332 339 638 334 337 639 335 340 640 333 338 641 338 341 642 337 342 643 336 343 644 338 341 645 339 344 646 337 342 647 342 345 648 341 346 649 340 347 650 342 345 651 343 348 652 341 346 653 346 349 654 345 350 655 344 351 656 346 349 657 347 352 658 345 350 659 350 353 660 349 354 661 348 355 662 350 353 663 348 355 664 351 356 665 348 355 666 352 357 667 351 356 668 348 355 669 353 358 670 352 357 671 354 359 672 352 357 673 353 358 674 354 359 675 353 358 676 355 360 677 358 361 678 357 362 679 356 363 680 358 361 681 356 363 682 359 364 683 359 364 684 360 365 685 358 361 686 359 364 687 361 366 688 360 365 689 364 367 690 363 368 691 362 369 692 364 367 693 362 369 694 365 370 695 365 370 696 366 371 697 364 367 698 365 370 699 367 372 700 366 371 701 370 373 702 369 374 703 368 375 704 370 373 705 371 376 706 369 374 707 372 377 708 369 374 709 371 376 710 372 377 711 371 376 712 373 378 713 376 379 714 375 380 715 374 381 716 375 380 717 377 382 718 374 381 719 375 380 720 378 383 721 377 382 722 377 382 723 378 383 724 379 384 725 380 385 726 377 382 727 379 384 728 380 385 729 379 384 730 381 386 731 378 383 732 382 387 733 379 384 734 378 383 735 383 388 736 382 387 737 384 389 738 382 387 739 383 388 740 385 390 741 382 387 742 384 389 743 388 391 744 387 392 745 386 393 746 387 392 747 389 394 748 386 393 749 387 392 750 390 395 751 389 394 752 389 394 753 390 395 754 391 396 755 392 397 756 389 394 757 391 396 758 392 397 759 391 396 760 393 398 761 390 395 762 394 399 763 391 396 764 390 395 765 395 400 766 394 399 767 397 401 768 394 402 769 396 403 770 397 401 771 396 403 772 398 404 773 401 405 774 400 406 775 399 407 776 401 405 777 399 407 778 402 408 779 402 408 780 403 409 781 401 405 782 402 408 783 404 410 784 403 409 785 405 411 786 403 409 787 404 410 788 405 411 789 404 410 790 406 412 791 409 413 792 408 414 793 407 415 794 409 413 795 407 415 796 410 416 797 410 416 798 411 417 799 409 413 800 412 418 801 411 417 802 410 416 803 413 419 804 411 417 805 412 418 806 412 418 807 414 420 808 413 419 809 412 418 810 415 421 811 414 420 812 416 422 813 412 418 814 410 416 815 416 422 816 410 416 817 417 423 818 420 424 819 419 425 820 418 426 821 420 424 822 421 427 823 419 425 824 421 427 825 422 428 826 419 425 827 423 429 828 422 428 829 421 427 830 421 427 831 424 430 832 423 429 833 421 427 834 425 431 835 424 430 836 428 432 837 427 433 838 426 434 839 428 432 840 429 435 841 427 433 842 429 435 843 430 436 844 427 433 845 433 437 846 432 438 847 431 439 848 433 437 849 431 439 850 434 440 851 432 438 852 435 441 853 431 439 854 431 439 855 436 442 856 434 440 857 435 441 858 437 443 859 431 439 860 431 439 861 437 443 862 436 442 863</p>
        </triangles>
        <triangles material="M_ChaosEmerald03-material" count="96">
          <input semantic="VERTEX" source="#obj_chaosemerald_01a_006-mesh-vertices" offset="0"/>
          <input semantic="NORMAL" source="#obj_chaosemerald_01a_006-mesh-normals" offset="1"/>
          <input semantic="TEXCOORD" source="#obj_chaosemerald_01a_006-mesh-map-0" offset="2" set="0"/>
          <p>440 444 864 439 445 865 438 446 866 443 447 867 442 448 868 441 449 869 446 155 870 445 156 871 444 157 872 449 450 873 448 451 874 447 452 875 452 453 876 451 454 877 450 455 878 455 456 879 454 457 880 453 458 881 457 459 882 456 460 883 454 461 884 457 459 885 458 462 886 456 460 887 456 460 888 458 462 889 459 463 890 460 464 891 456 460 892 459 463 893 460 464 894 459 463 895 461 465 896 458 462 897 462 466 898 459 463 899 458 462 900 463 467 901 462 466 902 465 468 903 462 469 904 464 470 905 465 468 906 464 470 907 466 471 908 469 472 909 468 473 910 467 474 911 472 475 912 471 476 913 470 477 914 472 475 915 473 478 916 471 476 917 476 479 918 475 480 919 474 481 920 476 479 921 477 482 922 475 480 923 480 483 924 479 484 925 478 485 926 480 483 927 481 486 928 479 484 929 484 487 930 483 488 931 482 489 932 484 487 933 485 490 934 483 488 935 488 491 936 487 492 937 486 493 938 488 491 939 489 494 940 487 492 941 492 495 942 491 496 943 490 497 944 492 495 945 493 498 946 491 496 947 496 499 948 495 354 949 494 500 950 496 499 951 494 500 952 497 501 953 494 500 954 498 502 955 497 501 956 494 500 957 499 503 958 498 502 959 500 504 960 498 502 961 499 503 962 500 504 963 499 503 964 501 505 965 504 506 966 503 507 967 502 508 968 504 506 969 502 508 970 505 509 971 505 509 972 506 510 973 504 506 974 505 509 975 507 511 976 506 510 977 510 512 978 509 513 979 508 514 980 510 512 981 508 514 982 511 515 983 511 515 984 512 516 985 510 512 986 511 515 987 513 517 988 512 516 989 516 518 990 515 519 991 514 520 992 516 518 993 517 521 994 515 519 995 518 522 996 515 519 997 517 521 998 518 522 999 517 521 1000 519 523 1001 522 379 1002 521 524 1003 520 525 1004 521 524 1005 523 526 1006 520 525 1007 521 524 1008 524 527 1009 523 526 1010 523 526 1011 524 527 1012 525 528 1013 526 529 1014 523 526 1015 525 528 1016 526 529 1017 525 528 1018 527 530 1019 524 527 1020 528 531 1021 525 528 1022 524 527 1023 529 532 1024 528 531 1025 530 533 1026 528 531 1027 529 532 1028 531 534 1029 528 531 1030 530 533 1031 534 535 1032 533 536 1033 532 537 1034 533 536 1035 535 538 1036 532 537 1037 533 536 1038 536 539 1039 535 538 1040 535 538 1041 536 539 1042 537 540 1043 538 541 1044 535 538 1045 537 540 1046 538 541 1047 537 540 1048 539 542 1049 536 539 1050 540 543 1051 537 540 1052 536 539 1053 541 544 1054 540 543 1055 543 545 1056 540 546 1057 542 547 1058 543 545 1059 542 547 1060 544 548 1061 547 549 1062 546 550 1063 545 551 1064 547 549 1065 545 551 1066 548 552 1067 548 552 1068 549 553 1069 547 549 1070 548 552 1071 550 554 1072 549 553 1073 551 555 1074 549 553 1075 550 554 1076 551 555 1077 550 554 1078 552 556 1079 555 557 1080 554 414 1081 553 415 1082 555 557 1083 553 415 1084 556 558 1085 556 558 1086 557 559 1087 555 557 1088 558 560 1089 557 559 1090 556 558 1091 559 561 1092 557 559 1093 558 560 1094 558 560 1095 560 562 1096 559 561 1097 558 560 1098 561 563 1099 560 562 1100 562 564 1101 558 560 1102 556 558 1103 562 564 1104 556 558 1105 563 565 1106 566 566 1107 565 567 1108 564 568 1109 566 566 1110 567 569 1111 565 567 1112 567 569 1113 568 570 1114 565 567 1115 569 571 1116 568 570 1117 567 569 1118 567 569 1119 570 572 1120 569 571 1121 567 569 1122 571 573 1123 570 572 1124 574 574 1125 573 575 1126 572 576 1127 574 574 1128 575 577 1129 573 575 1130 575 577 1131 576 578 1132 573 575 1133 579 437 1134 578 438 1135 577 579 1136 579 437 1137 577 579 1138 580 440 1139 578 438 1140 581 580 1141 577 579 1142 577 579 1143 582 581 1144 580 440 1145 581 580 1146 583 443 1147 577 579 1148 577 579 1149 583 443 1150 582 581 1151</p>
        </triangles>
        <triangles material="M_ChaosEmerald04-material" count="96">
          <input semantic="VERTEX" source="#obj_chaosemerald_01a_006-mesh-vertices" offset="0"/>
          <input semantic="NORMAL" source="#obj_chaosemerald_01a_006-mesh-normals" offset="1"/>
          <input semantic="TEXCOORD" source="#obj_chaosemerald_01a_006-mesh-map-0" offset="2" set="0"/>
          <p>586 582 1152 585 583 1153 584 584 1154 589 585 1155 588 586 1156 587 587 1157 592 588 1158 591 589 1159 590 590 1160 595 591 1161 594 592 1162 593 593 1163 598 594 1164 597 595 1165 596 596 1166 601 161 1167 600 162 1168 599 163 1169 603 597 1170 602 598 1171 600 599 1172 603 597 1173 604 600 1174 602 598 1175 602 598 1176 604 600 1177 605 601 1178 606 602 1179 602 598 1180 605 601 1181 606 602 1182 605 601 1183 607 603 1184 604 600 1185 608 604 1186 605 601 1187 604 600 1188 609 605 1189 608 604 1190 611 606 1191 608 607 1192 610 608 1193 611 606 1194 610 608 1195 612 609 1196 615 610 1197 614 611 1198 613 612 1199 618 613 1200 617 614 1201 616 615 1202 618 613 1203 619 616 1204 617 614 1205 622 184 1206 621 617 1207 620 618 1208 622 184 1209 623 619 1210 621 617 1211 626 620 1212 625 621 1213 624 622 1214 626 620 1215 627 623 1216 625 621 1217 630 624 1218 629 625 1219 628 626 1220 630 624 1221 631 627 1222 629 625 1223 634 628 1224 633 629 1225 632 198 1226 634 628 1227 635 630 1228 633 629 1229 638 631 1230 637 632 1231 636 633 1232 638 631 1233 639 634 1234 637 632 1235 642 635 1236 641 205 1237 640 636 1238 642 635 1239 640 636 1240 643 637 1241 640 636 1242 644 638 1243 643 637 1244 640 636 1245 645 639 1246 644 638 1247 646 640 1248 644 638 1249 645 639 1250 646 640 1251 645 639 1252 647 641 1253 650 642 1254 649 643 1255 648 644 1256 650 642 1257 648 644 1258 651 645 1259 651 645 1260 652 646 1261 650 642 1262 651 645 1263 653 647 1264 652 646 1265 656 648 1266 655 649 1267 654 650 1268 656 648 1269 654 650 1270 657 651 1271 657 651 1272 658 652 1273 656 648 1274 657 651 1275 659 653 1276 658 652 1277 662 654 1278 661 655 1279 660 656 1280 662 654 1281 663 657 1282 661 655 1283 664 658 1284 661 655 1285 663 657 1286 664 658 1287 663 657 1288 665 659 1289 668 660 1290 667 661 1291 666 662 1292 667 661 1293 669 663 1294 666 662 1295 667 661 1296 670 664 1297 669 663 1298 669 663 1299 670 664 1300 671 665 1301 672 666 1302 669 663 1303 671 665 1304 672 666 1305 671 665 1306 673 667 1307 670 664 1308 674 668 1309 671 665 1310 670 664 1311 675 669 1312 674 668 1313 676 240 1314 674 668 1315 675 669 1316 677 241 1317 674 668 1318 676 240 1319 680 670 1320 679 671 1321 678 672 1322 679 671 1323 681 673 1324 678 672 1325 679 671 1326 682 674 1327 681 673 1328 681 673 1329 682 674 1330 683 675 1331 684 248 1332 681 673 1333 683 675 1334 684 248 1335 683 675 1336 685 249 1337 682 674 1338 686 676 1339 683 675 1340 682 674 1341 687 677 1342 686 676 1343 689 678 1344 686 679 1345 688 680 1346 689 678 1347 688 680 1348 690 681 1349 693 682 1350 692 683 1351 691 684 1352 693 682 1353 691 684 1354 694 685 1355 694 685 1356 695 686 1357 693 682 1358 694 685 1359 696 687 1360 695 686 1361 697 688 1362 695 686 1363 696 687 1364 697 688 1365 696 687 1366 698 689 1367 701 690 1368 700 691 1369 699 692 1370 701 690 1371 699 692 1372 702 693 1373 702 693 1374 703 694 1375 701 690 1376 704 695 1377 703 694 1378 702 693 1379 705 696 1380 703 694 1381 704 695 1382 704 695 1383 706 697 1384 705 696 1385 704 695 1386 707 698 1387 706 697 1388 708 699 1389 704 695 1390 702 693 1391 708 699 1392 702 693 1393 709 700 1394 712 701 1395 711 702 1396 710 277 1397 712 701 1398 713 703 1399 711 702 1400 713 703 1401 714 279 1402 711 702 1403 715 704 1404 714 279 1405 713 703 1406 713 703 1407 716 705 1408 715 704 1409 713 703 1410 717 706 1411 716 705 1412 720 707 1413 719 708 1414 718 285 1415 720 707 1416 721 709 1417 719 708 1418 721 709 1419 722 710 1420 719 708 1421 725 711 1422 724 289 1423 723 712 1424 725 711 1425 723 712 1426 726 145 1427 724 289 1428 727 292 1429 723 712 1430 723 712 1431 728 713 1432 726 145 1433 727 292 1434 729 714 1435 723 712 1436 723 712 1437 729 714 1438 728 713 1439</p>
        </triangles>
        <triangles material="M_ChaosEmerald05-material" count="96">
          <input semantic="VERTEX" source="#obj_chaosemerald_01a_006-mesh-vertices" offset="0"/>
          <input semantic="NORMAL" source="#obj_chaosemerald_01a_006-mesh-normals" offset="1"/>
          <input semantic="TEXCOORD" source="#obj_chaosemerald_01a_006-mesh-map-0" offset="2" set="0"/>
          <p>732 715 1440 731 716 1441 730 717 1442 735 718 1443 734 719 1444 733 720 1445 738 721 1446 737 722 1447 736 723 1448 741 724 1449 740 725 1450 739 726 1451 744 727 1452 743 728 1453 742 729 1454 747 730 1455 746 731 1456 745 732 1457 749 733 1458 748 734 1459 746 735 1460 749 733 1461 750 736 1462 748 734 1463 748 734 1464 750 736 1465 751 737 1466 752 738 1467 748 734 1468 751 737 1469 752 738 1470 751 737 1471 753 739 1472 750 736 1473 754 740 1474 751 737 1475 750 736 1476 755 741 1477 754 740 1478 757 742 1479 754 743 1480 756 744 1481 757 742 1482 756 744 1483 758 745 1484 761 472 1485 760 473 1486 759 474 1487 764 746 1488 763 747 1489 762 748 1490 764 746 1491 765 749 1492 763 747 1493 768 750 1494 767 751 1495 766 752 1496 768 750 1497 769 753 1498 767 751 1499 772 754 1500 771 755 1501 770 756 1502 772 754 1503 773 757 1504 771 755 1505 776 758 1506 775 759 1507 774 760 1508 776 758 1509 777 761 1510 775 759 1511 780 762 1512 779 763 1513 778 493 1514 780 762 1515 781 764 1516 779 763 1517 784 765 1518 783 766 1519 782 767 1520 784 765 1521 785 768 1522 783 766 1523 788 769 1524 787 770 1525 786 771 1526 788 769 1527 786 771 1528 789 772 1529 786 771 1530 790 773 1531 789 772 1532 786 771 1533 791 774 1534 790 773 1535 792 775 1536 790 773 1537 791 774 1538 792 775 1539 791 774 1540 793 776 1541 796 777 1542 795 778 1543 794 779 1544 796 777 1545 794 779 1546 797 780 1547 797 780 1548 798 781 1549 796 777 1550 797 780 1551 799 782 1552 798 781 1553 802 783 1554 801 784 1555 800 785 1556 802 783 1557 800 785 1558 803 786 1559 803 786 1560 804 516 1561 802 783 1562 803 786 1563 805 787 1564 804 516 1565 808 788 1566 807 789 1567 806 790 1568 808 788 1569 809 791 1570 807 789 1571 810 792 1572 807 789 1573 809 791 1574 810 792 1575 809 791 1576 811 793 1577 814 794 1578 813 795 1579 812 796 1580 813 795 1581 815 797 1582 812 796 1583 813 795 1584 816 798 1585 815 797 1586 815 797 1587 816 798 1588 817 799 1589 818 800 1590 815 797 1591 817 799 1592 818 800 1593 817 799 1594 819 801 1595 816 798 1596 820 802 1597 817 799 1598 816 798 1599 821 803 1600 820 802 1601 822 804 1602 820 802 1603 821 803 1604 823 805 1605 820 802 1606 822 804 1607 826 806 1608 825 807 1609 824 808 1610 825 807 1611 827 809 1612 824 808 1613 825 807 1614 828 810 1615 827 809 1616 827 809 1617 828 810 1618 829 811 1619 830 812 1620 827 809 1621 829 811 1622 830 812 1623 829 811 1624 831 542 1625 828 810 1626 832 813 1627 829 811 1628 828 810 1629 833 814 1630 832 813 1631 835 815 1632 832 816 1633 834 817 1634 835 815 1635 834 817 1636 836 818 1637 839 819 1638 838 820 1639 837 821 1640 839 819 1641 837 821 1642 840 822 1643 840 822 1644 841 823 1645 839 819 1646 840 822 1647 842 824 1648 841 823 1649 843 825 1650 841 823 1651 842 824 1652 843 825 1653 842 824 1654 844 826 1655 847 827 1656 846 828 1657 845 829 1658 847 827 1659 845 829 1660 848 830 1661 848 830 1662 849 831 1663 847 827 1664 850 832 1665 849 831 1666 848 830 1667 851 833 1668 849 831 1669 850 832 1670 850 832 1671 852 834 1672 851 833 1673 850 832 1674 853 835 1675 852 834 1676 854 836 1677 850 832 1678 848 830 1679 854 836 1680 848 830 1681 855 837 1682 858 566 1683 857 838 1684 856 568 1685 858 566 1686 859 839 1687 857 838 1688 859 839 1689 860 840 1690 857 838 1691 861 841 1692 860 840 1693 859 839 1694 859 839 1695 862 842 1696 861 841 1697 859 839 1698 863 843 1699 862 842 1700 866 844 1701 865 845 1702 864 846 1703 866 844 1704 867 847 1705 865 845 1706 867 847 1707 868 848 1708 865 845 1709 871 437 1710 870 438 1711 869 849 1712 871 437 1713 869 849 1714 872 440 1715 870 438 1716 873 580 1717 869 849 1718 869 849 1719 874 581 1720 872 440 1721 873 580 1722 875 443 1723 869 849 1724 869 849 1725 875 443 1726 874 581 1727</p>
        </triangles>
        <triangles material="M_ChaosEmerald06-material" count="96">
          <input semantic="VERTEX" source="#obj_chaosemerald_01a_006-mesh-vertices" offset="0"/>
          <input semantic="NORMAL" source="#obj_chaosemerald_01a_006-mesh-normals" offset="1"/>
          <input semantic="TEXCOORD" source="#obj_chaosemerald_01a_006-mesh-map-0" offset="2" set="0"/>
          <p>878 850 1728 877 851 1729 876 852 1730 881 853 1731 880 854 1732 879 855 1733 884 301 1734 883 302 1735 882 303 1736 887 856 1737 886 857 1738 885 858 1739 890 859 1740 889 860 1741 888 861 1742 893 862 1743 892 863 1744 891 864 1745 895 865 1746 894 866 1747 892 867 1748 895 865 1749 896 868 1750 894 866 1751 894 866 1752 896 868 1753 897 869 1754 898 870 1755 894 866 1756 897 869 1757 898 870 1758 897 869 1759 899 871 1760 896 868 1761 900 872 1762 897 869 1763 896 868 1764 901 873 1765 900 872 1766 903 874 1767 900 743 1768 902 875 1769 903 874 1770 902 875 1771 904 876 1772 907 877 1773 906 878 1774 905 879 1775 910 880 1776 909 881 1777 908 882 1778 910 880 1779 911 883 1780 909 881 1781 914 884 1782 913 885 1783 912 886 1784 914 884 1785 915 887 1786 913 885 1787 918 888 1788 917 889 1789 916 890 1790 918 888 1791 919 891 1792 917 889 1793 922 892 1794 921 893 1795 920 894 1796 922 892 1797 923 895 1798 921 893 1799 926 896 1800 925 897 1801 924 898 1802 926 896 1803 927 899 1804 925 897 1805 930 900 1806 929 901 1807 928 902 1808 930 900 1809 931 903 1810 929 901 1811 934 904 1812 933 770 1813 932 905 1814 934 904 1815 932 905 1816 935 906 1817 932 905 1818 936 907 1819 935 906 1820 932 905 1821 937 908 1822 936 907 1823 938 909 1824 936 907 1825 937 908 1826 938 909 1827 937 908 1828 939 910 1829 942 911 1830 941 912 1831 940 913 1832 942 911 1833 940 913 1834 943 914 1835 943 914 1836 944 915 1837 942 911 1838 943 914 1839 945 916 1840 944 915 1841 948 917 1842 947 918 1843 946 919 1844 948 917 1845 946 919 1846 949 920 1847 949 920 1848 950 652 1849 948 917 1850 949 920 1851 951 653 1852 950 652 1853 954 921 1854 953 922 1855 952 923 1856 954 921 1857 955 924 1858 953 922 1859 956 925 1860 953 922 1861 955 924 1862 956 925 1863 955 924 1864 957 378 1865 960 794 1866 959 926 1867 958 927 1868 959 926 1869 961 928 1870 958 927 1871 959 926 1872 962 929 1873 961 928 1874 961 928 1875 962 929 1876 963 930 1877 964 931 1878 961 928 1879 963 930 1880 964 931 1881 963 930 1882 965 932 1883 962 929 1884 966 933 1885 963 930 1886 962 929 1887 967 934 1888 966 933 1889 968 935 1890 966 933 1891 967 934 1892 969 936 1893 966 933 1894 968 935 1895 972 937 1896 971 938 1897 970 939 1898 971 938 1899 973 940 1900 970 939 1901 971 938 1902 974 941 1903 973 940 1904 973 940 1905 974 941 1906 975 942 1907 976 943 1908 973 940 1909 975 942 1910 976 943 1911 975 942 1912 977 944 1913 974 941 1914 978 945 1915 975 942 1916 974 941 1917 979 946 1918 978 945 1919 981 947 1920 978 948 1921 980 949 1922 981 947 1923 980 949 1924 982 950 1925 985 951 1926 984 952 1927 983 953 1928 985 951 1929 983 953 1930 986 954 1931 986 954 1932 987 955 1933 985 951 1934 986 954 1935 988 956 1936 987 955 1937 989 957 1938 987 955 1939 988 956 1940 989 957 1941 988 956 1942 990 958 1943 993 959 1944 992 828 1945 991 829 1946 993 959 1947 991 829 1948 994 960 1949 994 960 1950 995 961 1951 993 959 1952 996 962 1953 995 961 1954 994 960 1955 997 963 1956 995 961 1957 996 962 1958 996 962 1959 998 964 1960 997 963 1961 996 962 1962 999 965 1963 998 964 1964 1000 966 1965 996 962 1966 994 960 1967 1000 966 1968 994 960 1969 1001 423 1970 1004 424 1971 1003 967 1972 1002 426 1973 1004 424 1974 1005 968 1975 1003 967 1976 1005 968 1977 1006 969 1978 1003 967 1979 1007 970 1980 1006 969 1981 1005 968 1982 1005 968 1983 1008 971 1984 1007 970 1985 1005 968 1986 1009 972 1987 1008 971 1988 1012 973 1989 1011 974 1990 1010 975 1991 1012 973 1992 1013 976 1993 1011 974 1994 1013 976 1995 1014 977 1996 1011 974 1997 1017 437 1998 1016 438 1999 1015 978 2000 1017 437 2001 1015 978 2002 1018 440 2003 1016 438 2004 1019 441 2005 1015 978 2006 1015 978 2007 1020 442 2008 1018 440 2009 1019 441 2010 1021 443 2011 1015 978 2012 1015 978 2013 1021 443 2014 1020 442 2015</p>
        </triangles>
      </mesh>
    </geometry>
  </library_geometries>
  <library_visual_scenes>
    <visual_scene id="Scene" name="Scene">
      <node id="obj_chaosemerald_01a_006" name="obj_chaosemerald_01a.006" type="NODE">
        <matrix sid="transform">1 2.22045e-16 2.22045e-16 0 2.22045e-16 -4.37114e-8 -1 0 -2.22045e-16 1 -4.37114e-8 0 0 0 0 1</matrix>
        <instance_geometry url="#obj_chaosemerald_01a_006-mesh" name="obj_chaosemerald_01a.006">
          <bind_material>
            <technique_common>
              <instance_material symbol="M_ChaosEmerald07-material" target="#M_ChaosEmerald07-material">
                <bind_vertex_input semantic="UV0" input_semantic="TEXCOORD" input_set="0"/>
              </instance_material>
              <instance_material symbol="M_ChaosEmerald01-material" target="#M_ChaosEmerald01-material">
                <bind_vertex_input semantic="UV0" input_semantic="TEXCOORD" input_set="0"/>
              </instance_material>
              <instance_material symbol="M_ChaosEmerald02-material" target="#M_ChaosEmerald02-material">
                <bind_vertex_input semantic="UV0" input_semantic="TEXCOORD" input_set="0"/>
              </instance_material>
              <instance_material symbol="M_ChaosEmerald03-material" target="#M_ChaosEmerald03-material">
                <bind_vertex_input semantic="UV0" input_semantic="TEXCOORD" input_set="0"/>
              </instance_material>
              <instance_material symbol="M_ChaosEmerald04-material" target="#M_ChaosEmerald04-material">
                <bind_vertex_input semantic="UV0" input_semantic="TEXCOORD" input_set="0"/>
              </instance_material>
              <instance_material symbol="M_ChaosEmerald05-material" target="#M_ChaosEmerald05-material">
                <bind_vertex_input semantic="UV0" input_semantic="TEXCOORD" input_set="0"/>
              </instance_material>
              <instance_material symbol="M_ChaosEmerald06-material" target="#M_ChaosEmerald06-material">
                <bind_vertex_input semantic="UV0" input_semantic="TEXCOORD" input_set="0"/>
              </instance_material>
            </technique_common>
          </bind_material>
        </instance_geometry>
      </node>
    </visual_scene>
  </library_visual_scenes>
  <scene>
    <instance_visual_scene url="#Scene"/>
  </scene>
</COLLADA>